unit_id,cycle,op_setting_1,op_setting_2,op_setting_3,sensor_1,sensor_2,sensor_3,sensor_4,sensor_5,sensor_6,sensor_7,sensor_8,sensor_9,sensor_10,sensor_11,sensor_12,sensor_13,sensor_14,sensor_15,sensor_16,sensor_17,sensor_18,sensor_19,sensor_20,sensor_21
1,1,-0.0007,-0.0004,100.0,518.67,641.82,1589.7,1400.6,14.62,21.61,554.36,2388.06,9046.19,1.3,47.47,521.66,2388.02,8138.62,8.4195,0.03,392,2388,100.0,39.06,23.419
1,2,0.0019,-0.0003,100.0,518.67,642.15,1591.82,1403.14,14.62,21.61,553.75,2388.04,9044.07,1.3,47.49,522.28,2388.07,8131.49,8.4318,0.03,392,2388,100.0,39.0,23.4236
1,3,-0.0043,0.0003,100.0,518.67,642.35,1587.99,1404.2,14.62,21.61,554.26,2388.08,9052.94,1.3,47.27,522.42,2388.03,8133.23,8.4178,0.03,390,2388,100.0,38.95,23.3442
1,4,0.0007,0.0,100.0,518.67,642.35,1582.79,1401.87,14.62,21.61,554.45,2388.11,9049.48,1.3,47.13,522.86,2388.08,8133.83,8.3682,0.03,392,2388,100.0,38.88,23.3739
1,5,-0.0019,-0.0002,100.0,518.67,642.37,1582.85,1406.22,14.62,21.61,554.0,2388.06,9055.15,1.3,47.28,522.19,2388.04,8133.8,8.4294,0.03,393,2388,100.0,38.9,23.4044
1,6,-0.0043,-0.0001,100.0,518.67,642.1,1584.47,1398.37,14.62,21.61,554.67,2388.02,9049.68,1.3,47.16,521.68,2388.03,8132.85,8.4108,0.03,391,2388,100.0,38.98,23.3669
1,7,0.001,0.0001,100.0,518.67,642.48,1592.32,1397.77,14.62,21.61,554.34,2388.02,9059.13,1.3,47.36,522.32,2388.03,8132.32,8.3974,0.03,392,2388,100.0,39.1,23.3774
1,8,-0.0034,0.0003,100.0,518.67,642.56,1582.96,1400.97,14.62,21.61,553.85,2388.0,9040.8,1.3,47.24,522.47,2388.03,8131.07,8.4076,0.03,391,2388,100.0,38.97,23.3106
1,9,0.0008,0.0001,100.0,518.67,642.12,1590.98,1394.8,14.62,21.61,553.69,2388.05,9046.46,1.3,47.29,521.79,2388.05,8125.69,8.3728,0.03,392,2388,100.0,39.05,23.4066
1,10,-0.0033,0.0001,100.0,518.67,641.71,1591.24,1400.46,14.62,21.61,553.59,2388.05,9051.7,1.3,47.03,521.79,2388.06,8129.38,8.4286,0.03,393,2388,100.0,38.95,23.4694
1,11,0.0018,-0.0003,100.0,518.67,642.28,1581.75,1400.64,14.62,21.61,554.54,2388.05,9049.61,1.3,47.15,521.4,2388.01,8140.58,8.434,0.03,392,2388,100.0,38.94,23.4787
1,12,0.0016,0.0002,100.0,518.67,642.06,1583.41,1400.15,14.62,21.61,554.52,2388.09,9049.37,1.3,47.18,521.8,2388.02,8134.25,8.3938,0.03,391,2388,100.0,39.06,23.366
1,13,-0.0019,0.0004,100.0,518.67,643.07,1582.19,1400.83,14.62,21.61,553.44,2388.12,9046.82,1.3,47.38,521.85,2388.08,8128.1,8.4152,0.03,393,2388,100.0,38.93,23.2757
1,14,0.0009,-0.0,100.0,518.67,642.35,1592.95,1399.16,14.62,21.61,554.48,2388.09,9047.37,1.3,47.44,521.67,2388.0,8134.43,8.3964,0.03,393,2388,100.0,39.18,23.3826
1,15,-0.0018,-0.0003,100.0,518.67,642.43,1583.82,1402.13,14.62,21.61,553.64,2388.11,9052.22,1.3,47.3,522.5,2388.08,8127.56,8.4199,0.03,391,2388,100.0,38.99,23.35
1,16,0.0006,0.0005,100.0,518.67,642.13,1587.98,1404.5,14.62,21.61,553.94,2388.05,9049.34,1.3,47.24,521.49,2388.07,8136.11,8.3936,0.03,392,2388,100.0,38.97,23.455
1,17,0.0002,0.0002,100.0,518.67,642.58,1584.96,1399.95,14.62,21.61,553.8,2388.06,9054.92,1.3,47.12,521.89,2388.04,8137.27,8.4542,0.03,392,2388,100.0,38.81,23.3319
1,18,-0.0031,-0.0001,100.0,518.67,642.62,1591.04,1396.12,14.62,21.61,554.2,2388.05,9049.55,1.3,47.21,521.76,2388.07,8132.73,8.4028,0.03,392,2388,100.0,38.89,23.3987
1,19,0.0032,-0.0003,100.0,518.67,641.79,1587.56,1400.35,14.62,21.61,554.18,2388.04,9053.99,1.3,47.4,521.89,2388.03,8129.13,8.4321,0.03,391,2388,100.0,38.8,23.3464
1,20,-0.0037,0.0001,100.0,518.67,643.04,1581.11,1405.23,14.62,21.61,554.81,2388.05,9045.9,1.3,47.22,522.07,2388.02,8129.71,8.421,0.03,392,2388,100.0,39.03,23.422
1,21,-0.0012,0.0001,100.0,518.67,642.37,1586.07,1398.13,14.62,21.61,554.08,2388.11,9048.15,1.3,47.15,522.42,2388.08,8134.02,8.4049,0.03,392,2388,100.0,39.09,23.3101
1,22,0.0002,0.0,100.0,518.67,642.77,1592.93,1400.57,14.62,21.61,553.63,2388.04,9061.21,1.3,47.24,522.0,2388.03,8130.41,8.4034,0.03,392,2388,100.0,38.92,23.3792
1,23,0.0034,-0.0003,100.0,518.67,642.14,1588.19,1394.75,14.62,21.61,553.98,2388.05,9046.28,1.3,47.25,521.52,2388.05,8127.9,8.424,0.03,392,2388,100.0,38.94,23.4562
1,24,-0.001,0.0003,100.0,518.67,642.38,1590.83,1398.81,14.62,21.61,553.49,2388.12,9043.76,1.3,47.44,522.13,2388.03,8133.88,8.3891,0.03,392,2388,100.0,39.0,23.3696
1,25,0.0023,-0.0004,100.0,518.67,642.77,1594.1,1399.39,14.62,21.61,554.0,2388.02,9054.16,1.3,47.36,522.56,2388.02,8136.61,8.3917,0.03,393,2388,100.0,38.95,23.4288
1,26,0.0,0.0002,100.0,518.67,642.16,1589.08,1396.07,14.62,21.61,554.11,2388.07,9047.11,1.3,47.26,522.28,2388.06,8131.15,8.426,0.03,394,2388,100.0,38.86,23.4149
1,27,-0.0012,-0.0004,100.0,518.67,642.44,1590.47,1401.84,14.62,21.61,554.07,2388.02,9047.96,1.3,47.37,522.0,2388.13,8134.6,8.4046,0.03,393,2388,100.0,38.99,23.4472
1,28,-0.0024,0.0005,100.0,518.67,642.35,1582.84,1399.13,14.62,21.61,554.68,2388.12,9049.84,1.3,47.41,522.57,2388.08,8127.3,8.4323,0.03,390,2388,100.0,39.01,23.2841
1,29,0.0012,-0.0001,100.0,518.67,641.91,1584.83,1400.99,14.62,21.61,554.25,2388.05,9050.47,1.3,47.24,522.41,2388.06,8133.06,8.4189,0.03,393,2388,100.0,38.93,23.3597
1,30,-0.0022,0.0,100.0,518.67,642.2,1593.52,1396.08,14.62,21.61,554.37,2388.07,9045.62,1.3,47.4,522.19,2388.0,8137.86,8.4065,0.03,390,2388,100.0,39.05,23.411
1,31,0.0014,0.0005,100.0,518.67,642.02,1584.18,1396.9,14.62,21.61,554.13,2388.08,9058.78,1.3,47.41,521.95,2388.06,8125.28,8.4104,0.03,392,2388,100.0,38.94,23.3353
1,32,0.0005,-0.0003,100.0,518.67,642.33,1591.38,1400.36,14.62,21.61,554.96,2388.04,9050.97,1.3,47.25,521.92,2388.07,8129.7,8.4148,0.03,392,2388,100.0,39.02,23.4999
1,33,-0.0042,-0.0004,100.0,518.67,642.71,1588.4,1402.43,14.62,21.61,554.61,2388.04,9047.13,1.3,47.28,521.91,2388.08,8134.42,8.3753,0.03,392,2388,100.0,38.83,23.3506
1,34,0.0015,-0.0001,100.0,518.67,642.54,1581.47,1400.48,14.62,21.61,554.3,2388.03,9046.46,1.3,47.47,521.7,2388.09,8126.61,8.4349,0.03,392,2388,100.0,38.81,23.3092
1,35,0.0003,0.0002,100.0,518.67,642.44,1590.0,1403.0,14.62,21.61,554.3,2388.04,9045.76,1.3,47.31,521.75,2388.01,8140.17,8.443,0.03,391,2388,100.0,39.13,23.4164
1,36,-0.0004,-0.0002,100.0,518.67,642.54,1581.72,1405.54,14.62,21.61,554.53,2388.01,9044.56,1.3,47.25,522.32,2388.04,8132.48,8.4246,0.03,392,2388,100.0,38.86,23.4308
1,37,-0.0004,-0.0,100.0,518.67,641.99,1579.11,1398.9,14.62,21.61,554.63,2388.07,9055.44,1.3,47.29,522.29,2388.04,8131.95,8.4142,0.03,392,2388,100.0,38.99,23.4352
1,38,-0.0018,-0.0002,100.0,518.67,641.93,1589.6,1399.5,14.62,21.61,554.7,2388.08,9055.27,1.3,47.27,522.42,2388.08,8136.61,8.4158,0.03,392,2388,100.0,39.06,23.4768
1,39,-0.003,-0.0001,100.0,518.67,642.01,1583.21,1400.69,14.62,21.61,553.97,2388.02,9051.76,1.3,47.12,522.23,2388.05,8131.81,8.414,0.03,392,2388,100.0,38.7,23.3699
1,40,-0.0,-0.0004,100.0,518.67,642.24,1582.08,1401.77,14.62,21.61,554.57,2388.06,9052.98,1.3,47.33,521.84,2388.01,8131.03,8.3784,0.03,392,2388,100.0,38.84,23.3769
1,41,0.0033,0.0004,100.0,518.67,642.4,1591.31,1403.21,14.62,21.61,553.72,2388.06,9048.99,1.3,47.09,522.07,2388.03,8138.08,8.437,0.03,392,2388,100.0,39.13,23.4444
1,42,0.0005,-0.0004,100.0,518.67,642.12,1584.66,1401.38,14.62,21.61,553.94,2388.08,9057.06,1.3,47.49,522.23,2388.05,8130.88,8.4137,0.03,392,2388,100.0,39.0,23.375
1,43,-0.0027,0.0005,100.0,518.67,642.24,1591.52,1406.05,14.62,21.61,553.68,2388.03,9057.88,1.3,47.32,522.74,2388.09,8127.22,8.4068,0.03,392,2388,100.0,38.99,23.3148
1,44,-0.0001,0.0002,100.0,518.67,641.93,1586.94,1401.2,14.62,21.61,554.15,2388.04,9046.87,1.3,47.45,522.3,2388.0,8131.45,8.4201,0.03,392,2388,100.0,39.06,23.4753
1,45,-0.0013,-0.0,100.0,518.67,642.53,1582.42,1399.16,14.62,21.61,553.83,2388.08,9060.32,1.3,47.45,521.73,2388.05,8128.31,8.4099,0.03,393,2388,100.0,38.79,23.3943
1,46,0.0003,0.0001,100.0,518.67,642.43,1588.29,1401.27,14.62,21.61,553.76,2388.06,9060.38,1.3,47.2,522.02,2388.08,8128.71,8.3977,0.03,393,2388,100.0,38.93,23.3745
1,47,0.0,0.0005,100.0,518.67,642.21,1580.32,1402.89,14.62,21.61,554.38,2388.06,9052.04,1.3,47.22,521.84,2388.05,8126.21,8.3973,0.03,392,2388,100.0,38.99,23.4873
1,48,0.0019,0.0001,100.0,518.67,641.89,1588.51,1399.16,14.62,21.61,554.02,2388.08,9045.26,1.3,47.4,521.91,2388.06,8129.99,8.4376,0.03,392,2388,100.0,38.94,23.365
1,49,-0.0014,0.0005,100.0,518.67,642.23,1584.35,1397.76,14.62,21.61,554.23,2388.07,9050.64,1.3,47.22,521.37,2388.04,8135.48,8.4151,0.03,392,2388,100.0,39.06,23.4498
1,50,-0.0032,-0.0001,100.0,518.67,642.77,1588.49,1403.62,14.62,21.61,553.92,2388.06,9048.6,1.3,47.47,522.33,2388.09,8127.3,8.4116,0.03,392,2388,100.0,38.85,23.4106
1,51,-0.001,0.0003,100.0,518.67,642.81,1585.54,1400.42,14.62,21.61,553.73,2388.02,9047.09,1.3,47.12,521.91,2388.05,8134.36,8.4504,0.03,393,2388,100.0,38.94,23.3651
1,52,0.0018,-0.0001,100.0,518.67,642.76,1583.77,1395.57,14.62,21.61,553.04,2388.04,9056.01,1.3,47.07,522.1,2388.07,8132.82,8.4539,0.03,391,2388,100.0,39.0,23.3388
1,53,0.0021,-0.0001,100.0,518.67,642.61,1579.82,1402.26,14.62,21.61,554.16,2388.05,9051.15,1.3,47.29,521.96,2388.06,8134.38,8.4418,0.03,392,2388,100.0,38.9,23.3775
1,54,-0.0002,0.0005,100.0,518.67,642.42,1592.59,1401.2,14.62,21.61,553.95,2388.04,9056.29,1.3,47.38,522.44,2388.06,8129.95,8.4189,0.03,392,2388,100.0,38.96,23.2348
1,55,0.0009,-0.0,100.0,518.67,642.41,1584.95,1401.58,14.62,21.61,554.45,2388.04,9048.94,1.3,47.4,522.11,2388.02,8134.1,8.4071,0.03,392,2388,100.0,39.06,23.3567
1,56,0.0007,-0.0002,100.0,518.67,642.49,1586.33,1400.76,14.62,21.61,553.98,2388.01,9042.42,1.3,47.26,522.48,2388.04,8135.4,8.4022,0.03,391,2388,100.0,38.68,23.3408
1,57,-0.0033,0.0,100.0,518.67,642.13,1583.67,1402.79,14.62,21.61,553.42,2388.05,9050.8,1.3,47.29,521.62,2388.08,8135.48,8.4263,0.03,392,2388,100.0,38.84,23.3567
1,58,-0.0014,0.0001,100.0,518.67,641.9,1590.46,1397.99,14.62,21.61,554.14,2388.09,9050.33,1.3,47.26,522.21,2388.04,8132.08,8.4319,0.03,390,2388,100.0,38.93,23.2893
1,59,-0.0006,0.0002,100.0,518.67,642.33,1596.72,1403.51,14.62,21.61,554.62,2388.07,9050.06,1.3,47.26,521.32,2388.02,8128.81,8.4476,0.03,392,2388,100.0,38.92,23.4444
1,60,-0.001,-0.0002,100.0,518.67,642.34,1582.75,1403.07,14.62,21.61,554.0,2388.06,9051.69,1.3,47.41,522.49,2388.03,8132.89,8.3878,0.03,393,2388,100.0,38.89,23.387
1,61,0.0004,0.0005,100.0,518.67,642.1,1583.55,1405.52,14.62,21.61,554.09,2388.11,9050.58,1.3,47.31,522.34,2388.09,8131.66,8.4264,0.03,391,2388,100.0,38.89,23.3638
1,62,0.0004,0.0001,100.0,518.67,642.17,1581.59,1399.54,14.62,21.61,554.45,2388.1,9053.62,1.3,47.28,522.19,2388.1,8132.28,8.4071,0.03,391,2388,100.0,39.03,23.2707
1,63,0.0015,0.0002,100.0,518.67,642.6,1592.14,1395.38,14.62,21.61,553.48,2388.06,9049.96,1.3,47.51,521.56,2388.01,8130.73,8.4357,0.03,394,2388,100.0,38.77,23.3436
1,64,0.0017,0.0002,100.0,518.67,642.23,1584.51,1400.11,14.62,21.61,553.88,2388.1,9043.67,1.3,47.45,521.82,2388.04,8128.15,8.4066,0.03,391,2388,100.0,38.93,23.384
1,65,-0.0,0.0005,100.0,518.67,642.28,1584.72,1403.24,14.62,21.61,553.97,2388.03,9044.01,1.3,47.56,521.54,2388.13,8132.94,8.4406,0.03,392,2388,100.0,38.9,23.3752
1,66,-0.0007,-0.0004,100.0,518.67,642.5,1588.5,1399.52,14.62,21.61,554.0,2388.06,9059.45,1.3,47.14,521.76,2388.05,8128.32,8.3911,0.03,391,2388,100.0,38.95,23.3152
1,67,0.0016,-0.0004,100.0,518.67,642.33,1590.22,1403.02,14.62,21.61,554.31,2388.1,9050.24,1.3,47.39,522.64,2388.08,8134.07,8.3925,0.03,393,2388,100.0,38.97,23.291
1,68,-0.0018,0.0,100.0,518.67,642.51,1582.06,1404.42,14.62,21.61,554.04,2388.1,9051.78,1.3,47.36,521.72,2388.07,8132.39,8.4242,0.03,392,2388,100.0,38.95,23.3174
1,69,-0.0022,0.0005,100.0,518.67,642.44,1590.7,1401.24,14.62,21.61,554.65,2388.07,9050.59,1.3,47.41,522.22,2388.1,8129.13,8.4292,0.03,392,2388,100.0,39.0,23.3742
1,70,-0.0005,0.0002,100.0,518.67,642.22,1584.02,1402.78,14.62,21.61,554.01,2388.11,9053.43,1.3,47.41,521.93,2388.12,8130.36,8.4279,0.03,392,2388,100.0,38.86,23.4513
1,71,0.0016,-0.0003,100.0,518.67,642.21,1580.41,1403.09,14.62,21.61,554.06,2388.03,9046.09,1.3,47.3,521.72,2388.09,8134.28,8.423,0.03,391,2388,100.0,38.8,23.3881
1,72,-0.0017,0.0001,100.0,518.67,642.41,1579.25,1406.81,14.62,21.61,553.76,2388.07,9054.42,1.3,47.27,521.97,2388.09,8133.95,8.3951,0.03,391,2388,100.0,38.84,23.3085
1,73,-0.0012,-0.0002,100.0,518.67,642.29,1592.04,1397.93,14.62,21.61,553.88,2388.03,9049.64,1.3,47.29,522.04,2388.1,8129.85,8.404,0.03,391,2388,100.0,39.03,23.3975
1,74,0.0027,0.0001,100.0,518.67,642.96,1584.65,1401.48,14.62,21.61,554.03,2388.07,9045.85,1.3,47.58,522.25,2387.97,8132.67,8.4135,0.03,392,2388,100.0,38.8,23.382
1,75,0.0009,-0.0004,100.0,518.67,641.96,1582.32,1394.82,14.62,21.61,553.6,2388.07,9042.32,1.3,47.22,521.77,2388.11,8130.13,8.4621,0.03,392,2388,100.0,38.89,23.3521
1,76,-0.0015,0.0002,100.0,518.67,642.21,1589.21,1398.94,14.62,21.61,553.66,2388.02,9056.55,1.3,47.44,521.58,2388.03,8136.44,8.3996,0.03,390,2388,100.0,39.02,23.4428
1,77,0.0022,0.0004,100.0,518.67,642.55,1586.3,1400.97,14.62,21.61,554.61,2388.06,9046.44,1.3,47.41,521.6,2388.08,8135.25,8.453,0.03,393,2388,100.0,38.99,23.275
1,78,0.004,0.0002,100.0,518.67,641.99,1580.76,1404.1,14.62,21.61,553.47,2388.08,9042.37,1.3,47.4,522.28,2388.16,8133.91,8.3793,0.03,392,2388,100.0,38.88,23.3486
1,79,0.0022,-0.0002,100.0,518.67,642.12,1582.46,1403.93,14.62,21.61,553.77,2388.04,9047.86,1.3,47.35,521.85,2388.13,8135.4,8.4132,0.03,394,2388,100.0,38.9,23.3121
1,80,-0.0002,-0.0004,100.0,518.67,641.94,1591.96,1393.58,14.62,21.61,553.91,2388.06,9043.67,1.3,47.64,521.52,2388.1,8134.66,8.4235,0.03,392,2388,100.0,38.89,23.3613
1,81,-0.0018,-0.0004,100.0,518.67,642.73,1584.82,1402.04,14.62,21.61,553.88,2388.1,9045.31,1.3,47.43,521.66,2388.05,8128.87,8.4247,0.03,392,2388,100.0,38.77,23.373
1,82,-0.0012,0.0001,100.0,518.67,642.04,1589.07,1399.17,14.62,21.61,554.18,2388.1,9048.22,1.3,47.25,521.95,2388.03,8134.04,8.3986,0.03,393,2388,100.0,38.89,23.2713
1,83,0.0004,0.0005,100.0,518.67,642.66,1588.05,1406.38,14.62,21.61,553.49,2388.08,9049.08,1.3,47.22,521.93,2388.05,8131.32,8.4128,0.03,391,2388,100.0,38.8,23.3274
1,84,0.0005,0.0002,100.0,518.67,642.64,1585.52,1406.6,14.62,21.61,553.91,2388.05,9050.47,1.3,47.38,521.54,2388.06,8131.54,8.4139,0.03,392,2388,100.0,38.73,23.2653
1,85,0.0025,0.0003,100.0,518.67,642.28,1590.12,1405.96,14.62,21.61,554.4,2388.01,9056.08,1.3,47.36,522.3,2388.05,8135.31,8.4499,0.03,392,2388,100.0,39.01,23.284
1,86,-0.0012,0.0004,100.0,518.67,641.84,1588.8,1403.56,14.62,21.61,553.69,2388.1,9047.26,1.3,47.38,521.82,2388.09,8130.06,8.4173,0.03,394,2388,100.0,38.94,23.3945
1,87,0.0,-0.0004,100.0,518.67,642.33,1586.69,1413.1,14.62,21.61,554.1,2388.14,9050.52,1.3,47.34,521.43,2388.06,8130.41,8.4326,0.03,391,2388,100.0,38.88,23.3402
1,88,0.0029,0.0003,100.0,518.67,641.96,1581.29,1406.09,14.62,21.61,554.48,2388.07,9046.73,1.3,47.46,522.2,2388.04,8131.47,8.4586,0.03,392,2388,100.0,38.9,23.3086
1,89,0.0008,-0.0001,100.0,518.67,642.24,1584.73,1402.22,14.62,21.61,553.91,2388.05,9055.24,1.3,47.46,521.55,2388.08,8135.15,8.4489,0.03,392,2388,100.0,38.95,23.3288
1,90,0.0017,-0.0001,100.0,518.67,642.67,1584.38,1412.93,14.62,21.61,552.88,2388.1,9051.27,1.3,47.32,521.49,2388.09,8129.72,8.3961,0.03,391,2388,100.0,38.98,23.4712
1,91,0.0025,-0.0004,100.0,518.67,641.98,1584.84,1404.76,14.62,21.61,553.54,2388.04,9050.72,1.3,47.32,521.55,2388.1,8134.4,8.3949,0.03,394,2388,100.0,39.11,23.3842
1,92,0.001,-0.0002,100.0,518.67,642.89,1590.03,1400.77,14.62,21.61,553.81,2388.14,9048.36,1.3,47.45,521.91,2388.05,8131.39,8.3982,0.03,392,2388,100.0,38.99,23.3522
1,93,0.0032,0.0002,100.0,518.67,642.85,1593.74,1408.48,14.62,21.61,554.07,2388.07,9047.87,1.3,47.46,521.43,2388.08,8133.15,8.421,0.03,392,2388,100.0,38.86,23.2477
1,94,-0.0021,0.0002,100.0,518.67,642.45,1583.27,1404.94,14.62,21.61,553.86,2388.15,9045.83,1.3,47.48,521.61,2388.07,8132.4,8.4524,0.03,393,2388,100.0,38.85,23.3758
1,95,0.0019,0.0003,100.0,518.67,642.86,1577.6,1410.1,14.62,21.61,553.91,2388.02,9048.85,1.3,47.38,521.92,2388.02,8131.63,8.4575,0.03,394,2388,100.0,38.76,23.3269
1,96,-0.0034,0.0001,100.0,518.67,642.19,1584.07,1395.16,14.62,21.61,553.34,2388.07,9048.71,1.3,47.39,521.66,2388.06,8130.69,8.4311,0.03,392,2388,100.0,38.88,23.3255
1,97,0.0035,-0.0003,100.0,518.67,642.07,1595.77,1407.81,14.62,21.61,553.4,2388.09,9046.1,1.3,47.46,521.67,2388.06,8128.74,8.4105,0.03,392,2388,100.0,39.01,23.2963
1,98,0.0006,0.0004,100.0,518.67,642.0,1591.11,1404.56,14.62,21.61,552.75,2388.06,9045.49,1.3,47.37,522.31,2388.06,8127.89,8.4012,0.03,391,2388,100.0,38.96,23.2554
1,99,-0.0005,-0.0,100.0,518.67,642.46,1592.73,1406.13,14.62,21.61,553.76,2388.08,9045.14,1.3,47.4,521.42,2388.1,8131.77,8.4481,0.03,393,2388,100.0,38.82,23.2323
1,100,-0.0021,-0.0003,100.0,518.67,642.22,1589.63,1411.35,14.62,21.61,554.22,2388.07,9045.72,1.3,47.64,521.55,2388.08,8132.49,8.4241,0.03,392,2388,100.0,38.93,23.409
1,101,0.0012,0.0003,100.0,518.67,642.75,1584.18,1403.41,14.62,21.61,553.37,2388.06,9052.3,1.3,47.62,521.89,2388.08,8125.97,8.4353,0.03,391,2388,100.0,38.75,23.4149
1,102,0.0017,0.0005,100.0,518.67,642.85,1589.11,1403.42,14.62,21.61,553.42,2388.15,9051.36,1.3,47.49,521.38,2388.05,8130.4,8.4561,0.03,393,2388,100.0,38.94,23.3653
1,103,-0.0013,0.0001,100.0,518.67,642.21,1581.27,1403.21,14.62,21.61,553.64,2388.09,9053.28,1.3,47.57,521.41,2388.1,8124.4,8.4263,0.03,392,2388,100.0,38.69,23.4289
1,104,-0.0001,0.0001,100.0,518.67,642.29,1590.63,1406.25,14.62,21.61,553.66,2388.08,9044.73,1.3,47.34,522.38,2388.09,8131.89,8.4021,0.03,392,2388,100.0,38.96,23.3393
1,105,0.0024,0.0004,100.0,518.67,642.01,1588.28,1403.22,14.62,21.61,553.11,2388.09,9048.36,1.3,47.31,521.81,2388.08,8134.01,8.4326,0.03,393,2388,100.0,38.77,23.3857
1,106,0.0,0.0001,100.0,518.67,642.68,1589.05,1404.45,14.62,21.61,553.6,2388.08,9049.82,1.3,47.44,521.51,2388.09,8126.38,8.4664,0.03,392,2388,100.0,39.08,23.4148
1,107,-0.0012,-0.0001,100.0,518.67,642.53,1595.13,1407.73,14.62,21.61,553.74,2388.07,9048.68,1.3,47.35,521.75,2388.07,8132.4,8.4241,0.03,396,2388,100.0,39.01,23.4086
1,108,0.0008,0.0001,100.0,518.67,643.49,1585.91,1399.47,14.62,21.61,554.43,2388.14,9047.03,1.3,47.61,521.52,2388.03,8131.52,8.4133,0.03,393,2388,100.0,38.75,23.3032
1,109,-0.0011,-0.0003,100.0,518.67,642.49,1586.45,1409.1,14.62,21.61,553.59,2388.1,9051.13,1.3,47.58,521.62,2388.11,8130.97,8.3757,0.03,394,2388,100.0,39.05,23.3561
1,110,-0.0,0.0004,100.0,518.67,642.55,1590.01,1401.27,14.62,21.61,554.08,2388.13,9051.4,1.3,47.55,522.01,2388.12,8127.16,8.4638,0.03,393,2388,100.0,39.06,23.2951
1,111,0.0008,0.0004,100.0,518.67,642.67,1584.38,1408.11,14.62,21.61,553.49,2388.12,9051.64,1.3,47.62,521.53,2388.14,8132.4,8.4447,0.03,392,2388,100.0,38.92,23.2135
1,112,0.0005,0.0003,100.0,518.67,642.66,1586.46,1401.84,14.62,21.61,553.19,2388.06,9051.28,1.3,47.22,521.9,2388.08,8131.52,8.4445,0.03,394,2388,100.0,38.84,23.3207
1,113,0.0007,0.0001,100.0,518.67,642.68,1590.85,1406.59,14.62,21.61,552.91,2388.1,9053.15,1.3,47.46,521.75,2388.16,8129.32,8.458,0.03,393,2388,100.0,38.9,23.3101
1,114,0.0003,0.0004,100.0,518.67,642.31,1588.42,1402.97,14.62,21.61,554.29,2388.07,9046.58,1.3,47.58,521.68,2388.15,8132.36,8.429,0.03,394,2388,100.0,38.89,23.3754
1,115,-0.0017,0.0005,100.0,518.67,642.66,1594.84,1406.6,14.62,21.61,554.13,2388.11,9050.37,1.3,47.43,521.36,2388.12,8127.6,8.4345,0.03,393,2388,100.0,38.93,23.3022
1,116,-0.002,-0.0003,100.0,518.67,642.64,1580.31,1401.99,14.62,21.61,554.4,2388.08,9049.71,1.3,47.43,521.6,2388.05,8134.46,8.4059,0.03,394,2388,100.0,39.03,23.3512
1,117,0.0005,0.0004,100.0,518.67,642.38,1589.77,1409.35,14.62,21.61,554.59,2388.1,9049.61,1.3,47.52,521.22,2388.1,8126.12,8.4256,0.03,391,2388,100.0,38.73,23.1766
1,118,-0.0006,-0.0004,100.0,518.67,642.34,1585.67,1409.34,14.62,21.61,554.25,2388.1,9051.12,1.3,47.55,521.31,2388.12,8135.21,8.4197,0.03,393,2388,100.0,38.88,23.2966
1,119,0.0013,0.0005,100.0,518.67,642.67,1596.8,1404.46,14.62,21.61,553.77,2388.1,9045.89,1.3,47.55,521.46,2388.09,8123.85,8.4194,0.03,394,2388,100.0,39.01,23.3188
1,120,-0.0024,0.0005,100.0,518.67,642.81,1593.78,1407.68,14.62,21.61,553.66,2388.1,9048.72,1.3,47.6,521.34,2388.1,8125.57,8.4029,0.03,393,2388,100.0,38.81,23.3061
1,121,-0.0033,0.0004,100.0,518.67,642.63,1593.56,1411.9,14.62,21.61,553.7,2388.07,9040.97,1.3,47.44,521.3,2388.04,8133.94,8.4263,0.03,394,2388,100.0,38.63,23.422
1,122,0.0026,-0.0001,100.0,518.67,643.3,1593.68,1413.97,14.62,21.61,553.43,2388.15,9042.39,1.3,47.6,520.92,2388.12,8131.81,8.4256,0.03,393,2388,100.0,38.86,23.2793
1,123,0.0016,-0.0002,100.0,518.67,643.39,1586.66,1403.04,14.62,21.61,552.64,2388.12,9049.44,1.3,47.41,521.6,2388.17,8129.72,8.4396,0.03,392,2388,100.0,38.9,23.292
1,124,0.0025,0.0002,100.0,518.67,642.48,1587.14,1402.28,14.62,21.61,552.26,2388.13,9053.03,1.3,47.55,521.4,2388.13,8133.82,8.4416,0.03,393,2388,100.0,38.8,23.2341
1,125,-0.0004,0.0005,100.0,518.67,642.96,1585.47,1406.42,14.62,21.61,552.44,2388.13,9046.16,1.3,47.63,521.57,2388.11,8126.33,8.4079,0.03,394,2388,100.0,38.68,23.3039
1,126,0.0016,0.0001,100.0,518.67,642.49,1582.64,1418.5,14.62,21.61,553.72,2388.05,9049.11,1.3,47.49,521.35,2388.08,8130.94,8.4378,0.03,392,2388,100.0,38.85,23.2289
1,127,-0.001,0.0002,100.0,518.67,642.99,1586.9,1399.49,14.62,21.61,553.81,2388.09,9047.9,1.3,47.63,521.34,2388.1,8133.0,8.4626,0.03,393,2388,100.0,38.91,23.2772
1,128,-0.0006,0.0003,100.0,518.67,642.47,1593.87,1407.06,14.62,21.61,552.74,2388.13,9056.59,1.3,47.62,521.96,2388.16,8132.08,8.4413,0.03,393,2388,100.0,38.85,23.2641
1,129,-0.0033,0.0003,100.0,518.67,642.41,1591.33,1408.42,14.62,21.61,552.42,2388.09,9046.08,1.3,47.61,522.02,2388.13,8127.33,8.4681,0.03,393,2388,100.0,38.84,23.2656
1,130,-0.0007,0.0002,100.0,518.67,642.7,1585.9,1412.25,14.62,21.61,552.66,2388.13,9042.97,1.3,47.46,521.49,2388.07,8125.29,8.3938,0.03,394,2388,100.0,38.71,23.3461
1,131,0.0002,-0.0001,100.0,518.67,643.01,1585.78,1413.25,14.62,21.61,553.7,2388.11,9045.1,1.3,47.7,521.45,2388.13,8126.38,8.4328,0.03,391,2388,100.0,38.73,23.3435
1,132,0.0032,-0.0001,100.0,518.67,643.19,1596.06,1405.76,14.62,21.61,553.16,2388.17,9044.04,1.3,47.56,521.64,2388.16,8128.92,8.4227,0.03,393,2388,100.0,38.53,23.3186
1,133,0.0032,-0.0002,100.0,518.67,642.45,1592.64,1410.11,14.62,21.61,553.82,2388.11,9050.95,1.3,47.57,521.23,2388.09,8130.93,8.4604,0.03,394,2388,100.0,38.95,23.2521
1,134,-0.0014,0.0,100.0,518.67,642.85,1583.62,1402.67,14.62,21.61,553.2,2388.11,9046.16,1.3,47.75,521.52,2388.13,8131.3,8.4293,0.03,393,2388,100.0,38.68,23.2833
1,135,-0.0017,0.0001,100.0,518.67,642.45,1585.55,1406.83,14.62,21.61,553.09,2388.14,9050.65,1.3,47.34,520.99,2388.12,8129.34,8.4242,0.03,392,2388,100.0,38.85,23.2744
1,136,0.003,-0.0001,100.0,518.67,642.84,1584.72,1404.39,14.62,21.61,554.18,2388.06,9040.89,1.3,47.43,521.54,2388.11,8130.43,8.4469,0.03,393,2388,100.0,38.76,23.1699
1,137,-0.0011,0.0,100.0,518.67,642.43,1594.69,1405.15,14.62,21.61,553.39,2388.14,9040.55,1.3,47.89,521.63,2388.12,8128.81,8.449,0.03,394,2388,100.0,38.87,23.2593
1,138,-0.0011,0.0001,100.0,518.67,642.79,1589.82,1413.34,14.62,21.61,552.91,2388.11,9049.64,1.3,47.4,521.57,2388.18,8129.67,8.4208,0.03,392,2388,100.0,39.0,23.3664
1,139,-0.0014,0.0005,100.0,518.67,643.11,1592.28,1412.6,14.62,21.61,553.25,2388.06,9044.81,1.3,47.67,521.03,2388.15,8124.97,8.4621,0.03,394,2388,100.0,38.88,23.3422
1,140,-0.0006,-0.0001,100.0,518.67,643.05,1590.89,1408.36,14.62,21.61,552.15,2388.17,9055.85,1.3,47.51,521.27,2388.05,8130.27,8.4397,0.03,393,2388,100.0,38.82,23.3704
1,141,-0.0023,0.0005,100.0,518.67,642.39,1590.02,1415.25,14.62,21.61,553.45,2388.13,9050.86,1.3,47.49,521.06,2388.16,8120.93,8.4641,0.03,394,2388,100.0,39.02,23.2382
1,142,0.0026,0.0002,100.0,518.67,642.51,1595.29,1413.42,14.62,21.61,553.11,2388.1,9046.61,1.3,47.59,520.44,2388.18,8124.87,8.4291,0.03,392,2388,100.0,38.71,23.2816
1,143,-0.0005,-0.0003,100.0,518.67,642.77,1593.1,1404.21,14.62,21.61,553.62,2388.13,9050.63,1.3,47.52,520.98,2388.11,8126.81,8.4419,0.03,393,2388,100.0,38.79,23.2305
1,144,0.0025,-0.0004,100.0,518.67,643.09,1591.89,1405.76,14.62,21.61,553.77,2388.17,9049.33,1.3,47.57,521.11,2388.17,8125.47,8.4601,0.03,393,2388,100.0,38.75,23.2249
1,145,-0.0004,-0.0001,100.0,518.67,642.95,1594.92,1409.63,14.62,21.61,553.03,2388.13,9046.92,1.3,47.54,521.13,2388.15,8130.91,8.4644,0.03,395,2388,100.0,38.67,23.149
1,146,0.0002,-0.0003,100.0,518.67,642.72,1586.75,1408.82,14.62,21.61,552.6,2388.12,9045.99,1.3,47.63,521.13,2388.12,8129.19,8.4312,0.03,392,2388,100.0,38.69,23.3233
1,147,0.0047,0.0001,100.0,518.67,642.25,1594.85,1409.96,14.62,21.61,553.09,2388.14,9041.24,1.3,47.8,520.92,2388.12,8126.13,8.4428,0.03,393,2388,100.0,38.77,23.2684
1,148,0.001,-0.0004,100.0,518.67,643.02,1590.03,1411.89,14.62,21.61,552.84,2388.16,9040.93,1.3,47.49,521.08,2388.15,8124.48,8.4276,0.03,392,2388,100.0,38.77,23.2498
1,149,0.0025,0.0004,100.0,518.67,642.9,1592.78,1410.7,14.62,21.61,552.54,2388.17,9057.24,1.3,47.83,521.13,2388.15,8124.34,8.4731,0.03,394,2388,100.0,38.77,23.2565
1,150,0.001,-0.0003,100.0,518.67,643.06,1589.01,1409.22,14.62,21.61,553.57,2388.12,9044.76,1.3,47.6,520.5,2388.21,8122.99,8.4726,0.03,394,2388,100.0,38.68,23.2082
1,151,-0.0019,-0.0001,100.0,518.67,642.82,1592.39,1411.94,14.62,21.61,552.41,2388.14,9048.12,1.3,47.58,520.94,2388.22,8127.21,8.4612,0.03,394,2388,100.0,38.56,23.2277
1,152,0.0009,-0.0001,100.0,518.67,642.67,1598.6,1420.83,14.62,21.61,552.62,2388.18,9043.9,1.3,47.72,520.39,2388.19,8119.0,8.4572,0.03,395,2388,100.0,38.77,23.2369
1,153,0.0011,-0.0004,100.0,518.67,642.99,1589.17,1414.56,14.62,21.61,552.68,2388.14,9049.43,1.3,47.74,520.69,2388.17,8124.14,8.4435,0.03,393,2388,100.0,38.78,23.1719
1,154,-0.0012,0.0,100.0,518.67,642.81,1597.03,1416.07,14.62,21.61,552.57,2388.14,9049.08,1.3,47.73,520.72,2388.18,8129.24,8.4794,0.03,394,2388,100.0,38.82,23.2366
1,155,-0.0033,0.0002,100.0,518.67,642.83,1590.4,1414.89,14.62,21.61,552.89,2388.16,9049.56,1.3,47.61,521.23,2388.17,8120.41,8.4729,0.03,394,2388,100.0,38.68,23.2749
1,156,-0.002,0.0003,100.0,518.67,643.04,1585.61,1421.23,14.62,21.61,553.24,2388.26,9044.21,1.3,47.58,520.75,2388.16,8128.48,8.4432,0.03,395,2388,100.0,38.77,23.2791
1,157,-0.0018,0.0002,100.0,518.67,642.2,1598.04,1412.47,14.62,21.61,552.32,2388.14,9053.12,1.3,47.72,520.94,2388.17,8125.07,8.4328,0.03,392,2388,100.0,38.67,23.2354
1,158,-0.0023,0.0001,100.0,518.67,642.88,1596.82,1410.09,14.62,21.61,553.19,2388.2,9049.22,1.3,47.68,520.88,2388.22,8126.33,8.4368,0.03,394,2388,100.0,38.75,23.2894
1,159,-0.0006,0.0001,100.0,518.67,642.89,1589.54,1420.37,14.62,21.61,552.18,2388.13,9048.06,1.3,47.76,520.65,2388.23,8127.61,8.4403,0.03,394,2388,100.0,38.76,23.253
1,160,-0.0006,-0.0004,100.0,518.67,643.45,1590.65,1418.08,14.62,21.61,551.87,2388.21,9045.42,1.3,47.84,520.47,2388.22,8122.68,8.4433,0.03,396,2388,100.0,38.52,23.2817
1,161,0.0008,0.0001,100.0,518.67,643.0,1594.2,1417.31,14.62,21.61,552.8,2388.18,9048.06,1.3,47.77,520.47,2388.18,8126.97,8.4405,0.03,394,2388,100.0,38.66,23.2962
1,162,-0.0005,0.0004,100.0,518.67,643.15,1592.22,1423.48,14.62,21.61,552.68,2388.15,9044.45,1.3,47.79,520.44,2388.2,8123.77,8.5015,0.03,394,2388,100.0,38.78,23.1538
1,163,0.0003,-0.0004,100.0,518.67,642.85,1600.54,1421.09,14.62,21.61,552.41,2388.2,9049.24,1.3,47.89,520.3,2388.2,8124.06,8.5129,0.03,393,2388,100.0,38.65,23.1419
1,164,0.0005,-0.0002,100.0,518.67,643.17,1598.96,1416.76,14.62,21.61,551.9,2388.17,9048.92,1.3,47.7,520.63,2388.28,8124.63,8.4803,0.03,394,2388,100.0,38.62,23.1761
1,165,0.001,0.0004,100.0,518.67,642.76,1597.03,1408.09,14.62,21.61,552.79,2388.19,9039.09,1.3,47.89,520.69,2388.24,8126.53,8.4922,0.03,393,2388,100.0,38.59,23.2129
1,166,-0.0022,-0.0003,100.0,518.67,643.34,1596.72,1422.37,14.62,21.61,552.13,2388.22,9043.11,1.3,47.86,520.02,2388.22,8119.14,8.4663,0.03,395,2388,100.0,38.62,23.145
1,167,0.0012,0.0003,100.0,518.67,643.02,1593.83,1414.72,14.62,21.61,552.57,2388.23,9042.05,1.3,47.85,520.49,2388.18,8122.41,8.4632,0.03,394,2388,100.0,38.77,23.3011
1,168,-0.0043,0.0002,100.0,518.67,642.68,1591.19,1415.7,14.62,21.61,552.09,2388.22,9036.35,1.3,47.84,520.78,2388.19,8124.44,8.4925,0.03,393,2388,100.0,38.76,23.277
1,169,-0.0017,0.0004,100.0,518.67,643.2,1590.16,1418.05,14.62,21.61,552.71,2388.25,9055.18,1.3,47.88,520.44,2388.18,8125.3,8.4767,0.03,394,2388,100.0,38.58,23.187
1,170,-0.0017,-0.0002,100.0,518.67,642.92,1592.71,1417.41,14.62,21.61,552.02,2388.21,9044.03,1.3,47.86,520.23,2388.26,8121.76,8.49,0.03,395,2388,100.0,38.66,23.1615
1,171,0.0004,-0.0003,100.0,518.67,643.26,1592.06,1414.99,14.62,21.61,552.71,2388.2,9042.12,1.3,48.03,519.85,2388.22,8124.87,8.4922,0.03,395,2388,100.0,38.68,23.2444
1,172,-0.0014,-0.0003,100.0,518.67,643.33,1591.71,1413.73,14.62,21.61,551.69,2388.24,9039.1,1.3,48.07,520.54,2388.26,8120.08,8.4595,0.03,393,2388,100.0,38.65,23.1585
1,173,-0.0032,0.0002,100.0,518.67,642.97,1590.69,1425.27,14.62,21.61,552.13,2388.22,9048.82,1.3,47.9,520.11,2388.23,8121.64,8.5091,0.03,395,2388,100.0,38.59,23.1789
1,174,-0.0001,-0.0002,100.0,518.67,642.64,1599.81,1422.58,14.62,21.61,552.32,2388.22,9041.25,1.3,48.0,520.22,2388.21,8119.17,8.4476,0.03,393,2388,100.0,38.57,23.0357
1,175,0.0001,0.0002,100.0,518.67,643.61,1603.29,1422.52,14.62,21.61,551.64,2388.23,9042.66,1.3,47.86,520.38,2388.22,8125.76,8.489,0.03,394,2388,100.0,38.58,23.1573
1,176,-0.002,-0.0003,100.0,518.67,642.86,1592.27,1422.73,14.62,21.61,551.91,2388.23,9045.74,1.3,47.84,519.8,2388.2,8123.8,8.4853,0.03,394,2388,100.0,38.72,23.2491
1,177,-0.0038,-0.0003,100.0,518.67,643.79,1602.02,1423.99,14.62,21.61,551.93,2388.25,9046.2,1.3,48.03,520.24,2388.23,8120.11,8.4779,0.03,396,2388,100.0,38.63,23.1673
1,178,-0.0001,0.0002,100.0,518.67,643.38,1605.33,1424.65,14.62,21.61,552.18,2388.23,9046.17,1.3,48.0,520.2,2388.2,8116.56,8.477,0.03,395,2388,100.0,38.65,23.177
1,179,0.0023,-0.0003,100.0,518.67,642.86,1592.56,1429.45,14.62,21.61,551.57,2388.26,9044.23,1.3,48.02,520.38,2388.18,8116.84,8.4947,0.03,395,2388,100.0,38.77,23.1888
1,180,-0.0024,0.0,100.0,518.67,643.58,1599.87,1417.14,14.62,21.61,552.91,2388.21,9039.33,1.3,47.85,519.84,2388.28,8122.57,8.4737,0.03,395,2388,100.0,38.86,23.007
1,181,-0.0006,0.0005,100.0,518.67,643.44,1596.71,1420.64,14.62,21.61,551.83,2388.23,9038.29,1.3,48.1,520.43,2388.23,8114.79,8.472,0.03,397,2388,100.0,38.34,23.1652
1,182,-0.001,0.0003,100.0,518.67,644.21,1602.08,1426.62,14.62,21.61,551.9,2388.26,9041.23,1.3,47.98,520.46,2388.25,8119.67,8.5158,0.03,397,2388,100.0,38.43,23.1787
1,183,0.0001,0.0001,100.0,518.67,643.24,1597.23,1419.03,14.62,21.61,551.38,2388.21,9040.94,1.3,48.03,520.05,2388.23,8117.8,8.5041,0.03,396,2388,100.0,38.56,23.1302
1,184,0.0004,0.0003,100.0,518.67,644.07,1605.44,1432.52,14.62,21.61,551.0,2388.24,9047.91,1.3,48.07,519.77,2388.28,8115.61,8.5133,0.03,395,2388,100.0,38.43,23.0146
1,185,0.0008,0.0001,100.0,518.67,643.8,1603.46,1424.4,14.62,21.61,551.64,2388.29,9043.71,1.3,48.15,519.82,2388.27,8113.69,8.4984,0.03,395,2388,100.0,38.51,23.07
1,186,0.0027,-0.0003,100.0,518.67,643.51,1595.16,1426.3,14.62,21.61,552.57,2388.21,9051.37,1.3,48.12,520.08,2388.25,8123.45,8.5227,0.03,397,2388,100.0,38.47,23.0564
1,187,-0.0047,-0.0,100.0,518.67,643.32,1592.1,1427.27,14.62,21.61,551.08,2388.29,9037.71,1.3,48.23,519.53,2388.28,8115.67,8.5218,0.03,396,2388,100.0,38.42,23.0822
1,188,-0.0067,0.0003,100.0,518.67,643.75,1602.38,1422.78,14.62,21.61,551.94,2388.31,9037.91,1.3,48.0,519.79,2388.23,8117.69,8.5207,0.03,396,2388,100.0,38.51,22.9588
1,189,-0.0006,0.0002,100.0,518.67,644.18,1596.17,1428.01,14.62,21.61,550.7,2388.27,9044.55,1.3,48.08,519.58,2388.33,8117.51,8.5183,0.03,395,2388,100.0,38.48,23.1127
1,190,-0.0027,0.0001,100.0,518.67,643.64,1599.22,1425.95,14.62,21.61,551.29,2388.29,9040.58,1.3,48.33,520.04,2388.35,8112.58,8.5223,0.03,398,2388,100.0,38.49,23.0675
1,191,-0.0,-0.0004,100.0,518.67,643.34,1602.36,1425.77,14.62,21.61,550.92,2388.28,9042.76,1.3,48.15,519.57,2388.3,8114.61,8.5174,0.03,394,2388,100.0,38.45,23.1295
1,192,0.0009,-0.0,100.0,518.67,643.54,1601.41,1427.2,14.62,21.61,551.25,2388.32,9033.22,1.3,48.25,520.08,2388.32,8110.93,8.5113,0.03,396,2388,100.0,38.48,22.9649
24,1,0.0008,-0.0004,100.0,518.67,642.17,1587.9,1403.12,14.62,21.61,554.0,2388.07,9066.64,1.3,47.1,522.08,2388.0,8146.09,8.403,0.03,391,2388,100.0,39.08,23.3594
24,2,0.0017,0.0001,100.0,518.67,642.0,1583.5,1394.49,14.62,21.61,554.09,2387.96,9059.99,1.3,47.17,522.26,2388.03,8144.87,8.4018,0.03,392,2388,100.0,38.93,23.5059
24,3,0.0,-0.0002,100.0,518.67,642.43,1587.55,1399.37,14.62,21.61,554.49,2388.05,9068.46,1.3,47.37,522.32,2388.01,8141.34,8.4485,0.03,390,2388,100.0,38.82,23.3265
24,4,0.0011,0.0002,100.0,518.67,642.79,1587.68,1403.17,14.62,21.61,553.99,2388.05,9063.2,1.3,47.26,522.6,2387.97,8146.51,8.4061,0.03,393,2388,100.0,39.0,23.4368
24,5,0.0001,0.0003,100.0,518.67,642.49,1579.15,1398.93,14.62,21.61,553.73,2388.02,9059.16,1.3,47.35,521.71,2387.99,8146.21,8.4659,0.03,393,2388,100.0,38.82,23.364
24,6,0.0004,0.0002,100.0,518.67,642.65,1583.39,1403.43,14.62,21.61,554.83,2388.06,9060.0,1.3,47.15,522.07,2388.05,8138.36,8.3908,0.03,391,2388,100.0,38.92,23.3192
24,7,-0.0033,0.0001,100.0,518.67,642.71,1582.08,1401.82,14.62,21.61,553.9,2388.09,9051.18,1.3,47.06,522.48,2388.0,8144.22,8.4266,0.03,392,2388,100.0,38.89,23.4144
24,8,0.0023,-0.0004,100.0,518.67,642.37,1591.51,1403.71,14.62,21.61,553.78,2387.97,9070.06,1.3,47.25,521.91,2387.99,8143.16,8.4075,0.03,391,2388,100.0,38.95,23.3935
24,9,-0.0042,0.0002,100.0,518.67,642.05,1584.67,1400.66,14.62,21.61,554.07,2388.04,9062.91,1.3,47.32,522.16,2388.02,8140.55,8.4071,0.03,392,2388,100.0,38.94,23.5244
24,10,0.0023,-0.0004,100.0,518.67,642.36,1593.63,1404.16,14.62,21.6,553.85,2388.04,9068.35,1.3,47.47,521.96,2388.03,8146.51,8.41,0.03,392,2388,100.0,38.99,23.2652
24,11,-0.0029,-0.0003,100.0,518.67,642.58,1586.85,1398.8,14.62,21.61,554.66,2388.03,9064.46,1.3,47.33,522.34,2388.05,8142.67,8.3771,0.03,392,2388,100.0,38.98,23.3489
24,12,-0.0035,-0.0003,100.0,518.67,642.61,1589.01,1395.95,14.62,21.61,554.08,2388.04,9070.02,1.3,47.23,522.46,2388.01,8148.23,8.4139,0.03,392,2388,100.0,38.85,23.4507
24,13,0.003,-0.0001,100.0,518.67,642.54,1583.57,1406.37,14.62,21.61,554.01,2387.99,9060.8,1.3,47.27,521.95,2388.04,8142.55,8.4126,0.03,394,2388,100.0,38.8,23.4197
24,14,0.0007,-0.0004,100.0,518.67,642.44,1591.83,1396.63,14.62,21.61,554.16,2388.06,9065.31,1.3,47.26,522.18,2388.03,8143.19,8.4313,0.03,391,2388,100.0,38.98,23.3812
24,15,-0.0002,-0.0004,100.0,518.67,641.95,1585.53,1400.18,14.62,21.61,553.82,2388.03,9069.69,1.3,47.34,522.35,2388.06,8146.39,8.3905,0.03,392,2388,100.0,38.85,23.4346
24,16,-0.0,-0.0005,100.0,518.67,642.19,1591.68,1400.99,14.62,21.61,554.38,2388.04,9063.71,1.3,47.52,521.62,2388.03,8138.79,8.4051,0.03,391,2388,100.0,39.01,23.3267
24,17,0.0025,-0.0005,100.0,518.67,642.07,1588.87,1403.73,14.62,21.61,554.54,2388.02,9071.82,1.3,47.41,521.76,2388.04,8137.4,8.4259,0.03,392,2388,100.0,38.81,23.3594
24,18,-0.0,0.0003,100.0,518.67,642.42,1591.25,1397.63,14.62,21.61,554.09,2388.01,9068.1,1.3,47.19,522.07,2388.01,8144.2,8.4163,0.03,393,2388,100.0,38.86,23.4568
24,19,0.0007,-0.0003,100.0,518.67,642.69,1585.85,1395.7,14.62,21.6,554.14,2388.02,9064.97,1.3,47.26,521.89,2388.01,8147.39,8.4354,0.03,392,2388,100.0,39.09,23.3865
24,20,-0.001,0.0002,100.0,518.67,642.37,1587.49,1398.86,14.62,21.61,554.34,2388.08,9065.66,1.3,47.13,521.69,2388.08,8144.84,8.4135,0.03,392,2388,100.0,39.13,23.3214
24,21,0.0006,-0.0002,100.0,518.67,642.28,1591.12,1398.91,14.62,21.61,554.48,2388.01,9066.81,1.3,47.26,522.13,2388.02,8140.61,8.3914,0.03,391,2388,100.0,39.0,23.3588
24,22,-0.0023,0.0,100.0,518.67,642.15,1582.61,1397.73,14.62,21.61,554.3,2388.04,9060.34,1.3,47.07,521.87,2388.02,8145.95,8.3933,0.03,392,2388,100.0,38.9,23.2522
24,23,0.0009,-0.0005,100.0,518.67,642.4,1589.02,1397.58,14.62,21.61,554.03,2388.06,9063.61,1.3,47.25,521.77,2388.07,8141.79,8.4247,0.03,392,2388,100.0,38.86,23.3984
24,24,-0.0002,0.0002,100.0,518.67,642.3,1588.03,1408.87,14.62,21.61,555.07,2388.0,9064.8,1.3,47.25,522.15,2388.07,8148.24,8.3969,0.03,392,2388,100.0,39.0,23.4527
24,25,-0.0045,0.0,100.0,518.67,642.06,1585.43,1401.12,14.62,21.61,554.12,2388.05,9060.62,1.3,47.28,522.41,2388.01,8145.21,8.3795,0.03,392,2388,100.0,38.84,23.3955
24,26,0.0007,-0.0003,100.0,518.67,642.3,1588.92,1400.68,14.62,21.61,554.67,2388.1,9064.13,1.3,47.56,521.77,2388.04,8149.87,8.3807,0.03,392,2388,100.0,39.02,23.3911
24,27,-0.0002,-0.0001,100.0,518.67,642.03,1590.31,1401.05,14.62,21.61,554.24,2388.08,9066.94,1.3,47.32,521.63,2387.99,8146.69,8.4146,0.03,393,2388,100.0,38.94,23.3673
24,28,0.0013,-0.0005,100.0,518.67,642.01,1587.34,1400.39,14.62,21.61,553.03,2388.06,9063.63,1.3,47.28,521.63,2388.0,8145.09,8.4249,0.03,393,2388,100.0,38.91,23.3878
24,29,0.0001,0.0002,100.0,518.67,642.74,1587.78,1397.77,14.62,21.61,554.34,2388.01,9066.63,1.3,47.18,522.52,2388.07,8141.6,8.4287,0.03,392,2388,100.0,39.16,23.3126
24,30,-0.0022,0.0004,100.0,518.67,642.6,1585.12,1403.37,14.62,21.61,553.54,2388.0,9052.18,1.3,47.37,522.17,2388.02,8138.63,8.4284,0.03,393,2388,100.0,38.9,23.3928
24,31,0.0009,-0.0001,100.0,518.67,642.52,1590.29,1403.23,14.62,21.61,554.57,2388.01,9063.78,1.3,47.31,521.91,2388.01,8144.82,8.408,0.03,393,2388,100.0,38.85,23.426
24,32,0.0005,-0.0,100.0,518.67,642.03,1589.62,1407.47,14.62,21.61,553.35,2388.04,9063.74,1.3,47.29,522.17,2388.04,8142.12,8.3844,0.03,391,2388,100.0,39.14,23.3081
24,33,0.0005,-0.0002,100.0,518.67,642.56,1581.33,1406.88,14.62,21.61,553.72,2388.06,9063.2,1.3,47.28,522.08,2387.99,8144.38,8.4602,0.03,392,2388,100.0,39.01,23.2799
24,34,0.0019,0.0003,100.0,518.67,641.62,1587.05,1405.23,14.62,21.61,554.27,2388.03,9056.15,1.3,47.25,522.05,2388.0,8150.91,8.414,0.03,392,2388,100.0,38.87,23.3871
24,35,-0.002,-0.0004,100.0,518.67,642.22,1586.2,1401.04,14.62,21.61,554.52,2387.99,9061.93,1.3,47.37,522.26,2388.07,8149.02,8.4339,0.03,393,2388,100.0,38.93,23.2939
24,36,-0.0027,0.0003,100.0,518.67,642.49,1590.94,1407.83,14.62,21.61,554.28,2388.01,9060.37,1.3,47.24,521.7,2388.04,8145.12,8.4116,0.03,392,2388,100.0,39.0,23.2791
24,37,0.001,-0.0004,100.0,518.67,641.96,1589.53,1391.9,14.62,21.61,554.41,2388.05,9054.24,1.3,47.24,522.0,2388.03,8148.96,8.3999,0.03,392,2388,100.0,39.1,23.3709
24,38,-0.0015,-0.0002,100.0,518.67,642.64,1590.99,1403.92,14.62,21.61,554.41,2388.04,9062.29,1.3,47.36,522.18,2388.08,8144.05,8.4231,0.03,394,2388,100.0,38.97,23.4177
24,39,-0.0015,0.0004,100.0,518.67,642.36,1588.79,1407.39,14.62,21.61,554.43,2388.0,9067.18,1.3,47.32,522.14,2388.04,8142.88,8.4425,0.03,392,2388,100.0,38.92,23.3965
24,40,0.0049,0.0002,100.0,518.67,642.34,1581.68,1396.83,14.62,21.61,554.05,2388.06,9059.43,1.3,47.26,521.76,2388.02,8145.0,8.4201,0.03,394,2388,100.0,38.94,23.5132
24,41,-0.0032,-0.0,100.0,518.67,642.6,1587.39,1407.93,14.62,21.61,554.18,2388.06,9064.1,1.3,47.37,522.25,2388.02,8143.5,8.436,0.03,390,2388,100.0,38.88,23.3587
24,42,-0.0004,0.0002,100.0,518.67,643.26,1586.45,1408.61,14.62,21.61,554.07,2388.06,9064.75,1.3,47.28,522.39,2388.05,8138.11,8.4103,0.03,392,2388,100.0,39.1,23.4542
24,43,0.0024,-0.0002,100.0,518.67,641.84,1589.08,1405.49,14.62,21.61,554.26,2388.05,9062.2,1.3,47.13,521.86,2388.03,8141.11,8.4227,0.03,394,2388,100.0,39.07,23.3482
24,44,-0.0005,-0.0004,100.0,518.67,642.05,1587.93,1402.84,14.62,21.61,554.55,2388.05,9069.5,1.3,47.11,522.09,2387.99,8148.92,8.401,0.03,390,2388,100.0,39.0,23.3801
24,45,0.0001,0.0,100.0,518.67,642.61,1587.72,1397.75,14.62,21.61,554.03,2388.05,9067.01,1.3,47.13,522.12,2388.03,8141.39,8.4133,0.03,393,2388,100.0,38.91,23.3466
24,46,0.0012,0.0003,100.0,518.67,642.04,1585.95,1403.61,14.62,21.61,554.54,2388.06,9061.18,1.3,47.57,522.14,2388.03,8144.0,8.4453,0.03,392,2388,100.0,38.79,23.3287
24,47,0.002,-0.0005,100.0,518.67,642.37,1587.39,1404.69,14.62,21.61,553.58,2388.03,9056.42,1.3,47.29,522.24,2388.06,8143.99,8.4129,0.03,394,2388,100.0,38.98,23.4506
24,48,0.0002,0.0001,100.0,518.67,642.41,1583.04,1407.63,14.62,21.61,553.47,2388.0,9065.83,1.3,47.4,521.99,2388.03,8142.25,8.3916,0.03,395,2388,100.0,39.06,23.3988
24,49,0.0006,0.0003,100.0,518.67,642.05,1591.53,1405.48,14.62,21.61,554.14,2388.07,9057.89,1.3,47.23,521.37,2388.03,8148.84,8.4254,0.03,393,2388,100.0,38.87,23.3605
24,50,0.0003,-0.0004,100.0,518.67,642.19,1588.34,1400.57,14.62,21.61,553.66,2388.01,9064.85,1.3,47.25,521.52,2388.02,8141.43,8.4201,0.03,394,2388,100.0,39.01,23.3177
24,51,0.0012,-0.0002,100.0,518.67,642.24,1587.1,1404.95,14.62,21.61,553.75,2388.1,9061.01,1.3,47.47,522.56,2387.97,8145.11,8.4279,0.03,393,2388,100.0,39.01,23.3056
24,52,-0.0022,0.0003,100.0,518.67,642.62,1588.96,1401.6,14.62,21.61,553.86,2388.07,9066.67,1.3,47.28,522.09,2388.0,8136.07,8.4314,0.03,391,2388,100.0,39.04,23.1962
24,53,-0.0004,-0.0001,100.0,518.67,642.41,1588.59,1402.16,14.62,21.61,554.01,2388.08,9064.1,1.3,47.41,521.84,2388.02,8143.15,8.4309,0.03,391,2388,100.0,38.98,23.4453
24,54,-0.0015,-0.0003,100.0,518.67,642.44,1582.24,1400.91,14.62,21.61,554.02,2388.05,9066.28,1.3,47.49,521.7,2388.05,8141.15,8.3712,0.03,392,2388,100.0,38.9,23.4548
24,55,-0.0061,-0.0003,100.0,518.67,642.11,1588.14,1400.03,14.62,21.61,553.89,2388.03,9068.77,1.3,47.32,521.66,2388.06,8143.96,8.4187,0.03,393,2388,100.0,38.66,23.5099
24,56,0.0049,-0.0,100.0,518.67,642.6,1585.77,1405.08,14.62,21.61,555.09,2388.08,9061.05,1.3,47.29,521.75,2388.06,8142.83,8.4316,0.03,394,2388,100.0,39.04,23.3128
24,57,-0.0025,0.0002,100.0,518.67,642.83,1589.13,1405.98,14.62,21.61,554.13,2387.97,9061.08,1.3,47.43,521.48,2388.05,8144.91,8.4469,0.03,392,2388,100.0,38.92,23.2483
24,58,-0.0021,-0.0004,100.0,518.67,642.3,1584.08,1402.37,14.62,21.61,553.96,2388.04,9061.72,1.3,47.29,521.49,2388.06,8144.77,8.403,0.03,392,2388,100.0,38.75,23.3011
24,59,-0.0007,0.0001,100.0,518.67,642.49,1587.03,1402.82,14.62,21.61,554.33,2388.05,9067.53,1.3,47.44,522.35,2388.01,8139.9,8.4218,0.03,392,2388,100.0,38.85,23.3302
24,60,-0.0002,-0.0005,100.0,518.67,642.42,1584.66,1400.81,14.62,21.61,553.86,2388.02,9057.66,1.3,47.45,521.94,2388.05,8143.0,8.3957,0.03,393,2388,100.0,38.86,23.3398
24,61,0.0028,0.0004,100.0,518.67,642.76,1588.77,1400.3,14.62,21.61,553.82,2388.05,9067.82,1.3,47.56,521.69,2388.08,8142.72,8.4141,0.03,393,2388,100.0,39.06,23.3946
24,62,-0.0015,-0.0003,100.0,518.67,642.3,1587.58,1404.53,14.62,21.61,553.62,2388.06,9063.23,1.3,47.21,521.82,2388.08,8143.81,8.4003,0.03,393,2388,100.0,38.94,23.3958
24,63,-0.0007,-0.0005,100.0,518.67,642.7,1589.25,1408.4,14.62,21.61,554.72,2388.06,9057.11,1.3,47.38,521.89,2387.99,8141.17,8.4265,0.03,394,2388,100.0,38.85,23.3199
24,64,-0.005,-0.0003,100.0,518.67,642.98,1583.03,1399.33,14.62,21.61,553.98,2388.07,9057.35,1.3,47.45,521.52,2388.08,8141.11,8.3952,0.03,393,2388,100.0,38.83,23.4016
24,65,-0.0,0.0004,100.0,518.67,642.6,1587.32,1405.48,14.62,21.61,553.88,2388.09,9062.61,1.3,47.28,521.69,2388.11,8137.22,8.4181,0.03,393,2388,100.0,38.81,23.2913
24,66,0.0008,-0.0003,100.0,518.67,642.44,1588.16,1401.97,14.62,21.61,554.22,2388.01,9060.68,1.3,47.27,521.29,2388.05,8144.87,8.4125,0.03,391,2388,100.0,38.94,23.2961
24,67,-0.0011,0.0001,100.0,518.67,643.06,1590.24,1399.31,14.62,21.61,553.73,2388.02,9063.73,1.3,47.24,521.68,2388.05,8141.02,8.4111,0.03,395,2388,100.0,38.86,23.3732
24,68,0.0003,-0.0001,100.0,518.67,642.05,1584.76,1401.1,14.62,21.61,553.97,2388.09,9061.01,1.3,47.35,522.0,2388.04,8141.58,8.4018,0.03,393,2388,100.0,38.82,23.4338
24,69,-0.0001,0.0003,100.0,518.67,642.63,1587.1,1403.09,14.62,21.61,554.0,2388.03,9064.86,1.3,47.51,521.63,2388.06,8148.0,8.391,0.03,391,2388,100.0,38.9,23.3073
24,70,-0.006,-0.0002,100.0,518.67,642.33,1581.31,1408.91,14.62,21.61,553.4,2388.11,9060.35,1.3,47.5,521.94,2388.03,8143.88,8.4536,0.03,394,2388,100.0,39.0,23.2243
24,71,-0.0024,-0.0001,100.0,518.67,642.82,1587.68,1404.28,14.62,21.61,554.18,2388.05,9067.71,1.3,47.53,521.72,2388.05,8147.25,8.4344,0.03,393,2388,100.0,38.89,23.264
24,72,-0.0008,0.0,100.0,518.67,642.45,1585.23,1392.9,14.62,21.61,553.58,2388.02,9055.98,1.3,47.5,522.06,2388.09,8141.67,8.3822,0.03,392,2388,100.0,38.88,23.3387
24,73,-0.0013,-0.0005,100.0,518.67,642.76,1585.22,1409.77,14.62,21.61,554.61,2388.04,9058.6,1.3,47.46,521.9,2388.06,8141.55,8.4179,0.03,394,2388,100.0,38.89,23.4315
24,74,0.0016,0.0002,100.0,518.67,642.53,1584.05,1412.74,14.62,21.61,553.49,2388.12,9062.94,1.3,47.44,521.22,2388.07,8140.01,8.4445,0.03,392,2388,100.0,38.76,23.298
24,75,0.0051,0.0003,100.0,518.67,642.32,1580.22,1408.82,14.62,21.61,554.21,2388.1,9065.89,1.3,47.34,522.0,2388.07,8141.92,8.4288,0.03,393,2388,100.0,38.87,23.3155
24,76,-0.0011,0.0,100.0,518.67,643.02,1591.79,1408.74,14.62,21.61,554.26,2388.06,9061.65,1.3,47.37,521.38,2388.08,8144.63,8.4114,0.03,392,2388,100.0,38.96,23.3752
24,77,0.0016,0.0003,100.0,518.67,642.61,1590.02,1406.8,14.62,21.61,553.45,2388.04,9065.32,1.3,47.43,521.44,2388.08,8143.56,8.4604,0.03,391,2388,100.0,38.74,23.3101
24,78,0.0015,-0.0002,100.0,518.67,642.63,1586.0,1401.77,14.62,21.61,553.58,2388.07,9065.92,1.3,47.45,521.89,2388.0,8144.74,8.47,0.03,392,2388,100.0,38.96,23.3571
24,79,-0.0027,0.0002,100.0,518.67,642.49,1584.61,1404.53,14.62,21.61,553.23,2388.03,9065.63,1.3,47.31,522.04,2388.07,8143.56,8.3857,0.03,392,2388,100.0,39.11,23.4013
24,80,-0.0002,0.0004,100.0,518.67,642.84,1577.14,1406.36,14.62,21.61,553.97,2388.11,9065.99,1.3,47.4,521.37,2388.05,8142.24,8.4437,0.03,392,2388,100.0,38.84,23.2933
24,81,0.0025,-0.0004,100.0,518.67,642.72,1594.25,1401.01,14.62,21.61,553.45,2388.1,9056.38,1.3,47.29,521.71,2388.07,8138.23,8.4197,0.03,392,2388,100.0,38.95,23.2721
24,82,0.0012,-0.0001,100.0,518.67,642.84,1591.47,1409.12,14.62,21.61,553.98,2388.1,9067.19,1.3,47.3,522.04,2388.01,8146.68,8.4696,0.03,394,2388,100.0,38.84,23.3519
24,83,-0.0012,0.0,100.0,518.67,642.0,1586.13,1413.19,14.62,21.61,553.66,2388.08,9052.4,1.3,47.49,521.78,2388.1,8138.78,8.4678,0.03,394,2388,100.0,38.97,23.2967
24,84,-0.0004,0.0003,100.0,518.67,642.36,1588.31,1405.4,14.62,21.61,553.83,2388.12,9060.4,1.3,47.48,522.0,2388.03,8138.51,8.4399,0.03,393,2388,100.0,38.89,23.3512
24,85,-0.0015,0.0003,100.0,518.67,642.4,1596.31,1403.32,14.62,21.61,553.91,2388.11,9055.59,1.3,47.47,521.83,2388.11,8144.72,8.4139,0.03,393,2388,100.0,38.97,23.3813
24,86,0.0006,0.0003,100.0,518.67,642.24,1588.61,1405.03,14.62,21.61,553.21,2388.07,9061.67,1.3,47.47,521.38,2388.07,8138.01,8.447,0.03,394,2388,100.0,38.9,23.301
24,87,-0.0016,0.0003,100.0,518.67,642.62,1590.12,1403.86,14.62,21.61,552.96,2388.08,9058.94,1.3,47.49,521.34,2388.11,8137.7,8.4497,0.03,393,2388,100.0,38.82,23.3841
24,88,-0.0004,0.0001,100.0,518.67,642.95,1588.05,1402.62,14.62,21.61,553.01,2388.13,9069.31,1.3,47.45,521.51,2388.04,8138.1,8.4622,0.03,392,2388,100.0,38.8,23.2387
24,89,-0.005,0.0002,100.0,518.67,642.04,1593.09,1402.91,14.62,21.61,553.28,2388.11,9062.74,1.3,47.41,521.94,2388.06,8139.57,8.4235,0.03,392,2388,100.0,38.94,23.4134
24,90,0.0021,0.0003,100.0,518.67,642.61,1596.86,1408.4,14.62,21.61,553.15,2388.08,9057.84,1.3,47.55,521.51,2388.12,8138.95,8.4494,0.03,392,2388,100.0,38.92,23.385
24,91,0.0034,-0.0004,100.0,518.67,642.94,1594.11,1403.93,14.62,21.61,553.49,2388.11,9059.44,1.3,47.47,521.6,2388.14,8135.01,8.4436,0.03,392,2388,100.0,38.79,23.2728
24,92,0.0004,0.0003,100.0,518.67,642.58,1593.2,1406.97,14.62,21.61,553.33,2388.16,9062.68,1.3,47.63,522.23,2388.08,8136.91,8.4103,0.03,394,2388,100.0,38.92,23.3384
24,93,-0.0004,0.0003,100.0,518.67,642.97,1589.27,1399.15,14.62,21.61,553.66,2388.07,9062.54,1.3,47.61,521.66,2388.03,8144.87,8.4642,0.03,393,2388,100.0,38.72,23.3162
24,94,0.0006,-0.0002,100.0,518.67,642.55,1585.82,1403.16,14.62,21.61,553.13,2388.09,9060.93,1.3,47.48,521.99,2388.08,8137.7,8.4246,0.03,392,2388,100.0,38.86,23.4483
24,95,-0.0,-0.0,100.0,518.67,642.26,1591.32,1409.64,14.62,21.61,553.99,2388.13,9068.19,1.3,47.45,521.0,2388.06,8140.14,8.3932,0.03,392,2388,100.0,38.85,23.2966
24,96,-0.0002,0.0004,100.0,518.67,642.97,1592.25,1407.47,14.62,21.61,553.06,2388.1,9059.73,1.3,47.55,521.33,2388.05,8145.16,8.4211,0.03,393,2388,100.0,38.77,23.3446
24,97,0.0016,0.0,100.0,518.67,642.2,1591.7,1406.53,14.62,21.61,553.12,2388.08,9064.65,1.3,47.54,521.37,2388.11,8140.95,8.4557,0.03,392,2388,100.0,38.91,23.2572
24,98,0.004,-0.0002,100.0,518.67,643.07,1598.05,1410.35,14.62,21.61,553.76,2388.11,9055.52,1.3,47.52,521.21,2388.12,8143.74,8.4629,0.03,394,2388,100.0,38.82,23.2879
24,99,-0.0028,-0.0001,100.0,518.67,642.66,1590.34,1409.81,14.62,21.61,552.8,2388.18,9058.85,1.3,47.46,521.1,2388.16,8140.75,8.4142,0.03,394,2388,100.0,38.89,23.1994
24,100,-0.0008,0.0,100.0,518.67,642.95,1588.97,1409.36,14.62,21.61,553.51,2388.05,9063.59,1.3,47.72,521.28,2388.07,8137.55,8.454,0.03,394,2388,100.0,38.72,23.2554
24,101,-0.0012,-0.0002,100.0,518.67,642.9,1593.97,1405.44,14.62,21.61,553.05,2388.09,9060.88,1.3,47.66,521.31,2388.05,8137.13,8.4723,0.03,394,2388,100.0,38.75,23.2844
24,102,0.0006,0.0004,100.0,518.67,642.97,1592.7,1406.76,14.62,21.61,553.24,2388.07,9063.3,1.3,47.22,521.68,2388.1,8132.97,8.4587,0.03,393,2388,100.0,38.8,23.2367
24,103,-0.0005,-0.0,100.0,518.67,642.78,1592.28,1406.72,14.62,21.61,552.61,2388.11,9061.25,1.3,47.66,521.14,2388.11,8142.47,8.4627,0.03,394,2388,100.0,38.86,23.3045
24,104,0.0014,-0.0002,100.0,518.67,642.97,1592.97,1406.05,14.62,21.61,553.34,2388.18,9054.68,1.3,47.56,521.47,2388.16,8138.0,8.4624,0.03,392,2388,100.0,38.86,23.3497
24,105,0.0009,0.0,100.0,518.67,643.01,1594.98,1414.26,14.62,21.61,553.07,2388.11,9062.02,1.3,47.54,521.15,2388.1,8140.4,8.4555,0.03,393,2388,100.0,38.85,23.2629
24,106,0.0001,0.0,100.0,518.67,642.82,1591.46,1404.18,14.62,21.61,553.11,2388.08,9056.9,1.3,47.7,521.0,2388.14,8140.38,8.4453,0.03,393,2388,100.0,38.73,23.2973
24,107,0.0017,0.0,100.0,518.67,643.1,1580.73,1413.42,14.62,21.61,553.62,2388.11,9055.24,1.3,47.46,520.96,2388.08,8142.23,8.4454,0.03,394,2388,100.0,38.8,23.3416
24,108,0.0011,0.0001,100.0,518.67,642.89,1593.46,1407.23,14.62,21.61,554.31,2388.07,9055.48,1.3,47.51,521.39,2388.14,8142.4,8.4457,0.03,393,2388,100.0,38.83,23.2695
24,109,0.0035,0.0002,100.0,518.67,642.56,1589.94,1406.28,14.62,21.61,552.75,2388.17,9064.0,1.3,47.67,521.42,2388.13,8139.9,8.4483,0.03,393,2388,100.0,38.77,23.2308
24,110,0.0067,0.0,100.0,518.67,643.03,1594.02,1407.36,14.62,21.61,554.21,2388.16,9054.37,1.3,47.75,521.02,2388.08,8138.12,8.471,0.03,393,2388,100.0,38.87,23.2551
24,111,-0.0008,-0.0002,100.0,518.67,642.93,1590.2,1412.92,14.62,21.61,552.56,2388.09,9054.03,1.3,47.57,521.1,2388.19,8136.64,8.4471,0.03,392,2388,100.0,38.82,23.2024
24,112,-0.006,0.0001,100.0,518.67,642.64,1597.48,1414.98,14.62,21.61,553.5,2388.13,9061.23,1.3,47.59,520.98,2388.15,8137.89,8.4469,0.03,394,2388,100.0,38.9,23.2226
24,113,-0.0052,-0.0003,100.0,518.67,643.65,1591.48,1410.08,14.62,21.61,552.72,2388.11,9062.87,1.3,47.71,521.22,2388.13,8139.9,8.4638,0.03,394,2388,100.0,38.58,23.1055
24,114,0.0029,-0.0002,100.0,518.67,643.14,1592.6,1413.93,14.62,21.61,552.92,2388.15,9054.79,1.3,47.61,521.34,2388.18,8131.54,8.4777,0.03,395,2388,100.0,38.87,23.32
24,115,-0.0017,0.0003,100.0,518.67,642.45,1592.77,1418.25,14.62,21.61,553.07,2388.15,9061.48,1.3,47.66,521.29,2388.17,8133.15,8.4474,0.03,393,2388,100.0,38.89,23.2865
24,116,-0.0019,-0.0003,100.0,518.67,642.52,1590.26,1414.08,14.62,21.61,552.13,2388.16,9062.46,1.3,47.5,520.94,2388.19,8138.89,8.4689,0.03,391,2388,100.0,38.84,23.2628
24,117,0.0037,0.0004,100.0,518.67,642.54,1595.04,1420.26,14.62,21.61,553.1,2388.2,9058.28,1.3,47.67,521.45,2388.16,8135.54,8.4329,0.03,396,2388,100.0,38.84,23.2382
24,118,0.0026,-0.0004,100.0,518.67,642.86,1591.27,1415.42,14.62,21.61,552.66,2388.18,9058.91,1.3,47.72,520.72,2388.13,8138.23,8.4527,0.03,394,2388,100.0,38.66,23.2601
24,119,-0.0003,0.0003,100.0,518.67,642.56,1593.45,1418.44,14.62,21.61,552.95,2388.12,9056.77,1.3,47.7,521.01,2388.14,8136.4,8.4628,0.03,393,2388,100.0,38.78,23.2446
24,120,0.0013,0.0003,100.0,518.67,643.3,1587.71,1412.17,14.62,21.61,552.88,2388.16,9053.9,1.3,47.81,520.74,2388.19,8133.24,8.4582,0.03,394,2388,100.0,38.68,23.2462
24,121,-0.0046,-0.0002,100.0,518.67,643.62,1599.66,1415.73,14.62,21.61,552.36,2388.11,9048.54,1.3,47.6,521.18,2388.15,8131.42,8.4492,0.03,393,2388,100.0,38.83,23.3677
24,122,-0.0025,-0.0002,100.0,518.67,642.88,1598.2,1415.91,14.62,21.61,553.25,2388.22,9056.24,1.3,47.82,520.57,2388.14,8138.1,8.4749,0.03,396,2388,100.0,38.62,23.2796
24,123,-0.0037,-0.0004,100.0,518.67,643.25,1598.81,1414.52,14.62,21.61,552.4,2388.18,9058.42,1.3,47.61,520.87,2388.19,8131.52,8.4806,0.03,394,2388,100.0,38.67,23.1709
24,124,0.0018,0.0004,100.0,518.67,643.03,1586.51,1410.43,14.62,21.61,552.0,2388.18,9047.71,1.3,47.62,520.49,2388.19,8129.7,8.4462,0.03,394,2388,100.0,38.56,23.303
24,125,0.0006,0.0004,100.0,518.67,643.2,1597.09,1421.48,14.62,21.61,552.64,2388.2,9062.46,1.3,47.82,520.94,2388.16,8129.47,8.512,0.03,394,2388,100.0,38.67,23.1734
24,126,0.0007,0.0004,100.0,518.67,642.91,1597.88,1418.2,14.62,21.61,552.9,2388.18,9056.52,1.3,47.92,520.47,2388.2,8135.28,8.4526,0.03,394,2388,100.0,38.74,23.1972
24,127,-0.0011,-0.0005,100.0,518.67,643.0,1595.95,1422.93,14.62,21.61,552.04,2388.15,9055.14,1.3,47.85,520.38,2388.19,8135.48,8.4587,0.03,394,2388,100.0,38.58,23.1422
24,128,0.0009,-0.0004,100.0,518.67,643.26,1591.31,1419.94,14.62,21.61,552.54,2388.22,9060.34,1.3,47.74,520.41,2388.15,8136.59,8.4518,0.03,394,2388,100.0,38.52,23.1884
24,129,0.0025,0.0004,100.0,518.67,642.88,1590.88,1416.49,14.62,21.61,552.52,2388.17,9055.05,1.3,47.85,520.4,2388.15,8128.44,8.4572,0.03,395,2388,100.0,38.6,23.1416
24,130,0.0005,0.0002,100.0,518.67,642.89,1597.1,1420.47,14.62,21.61,552.91,2388.17,9051.98,1.3,47.83,520.48,2388.18,8128.11,8.4835,0.03,395,2388,100.0,38.75,23.122
24,131,0.0009,0.0002,100.0,518.67,642.92,1591.41,1415.92,14.62,21.61,552.0,2388.17,9052.02,1.3,47.92,520.45,2388.14,8135.34,8.4941,0.03,394,2388,100.0,38.59,23.1388
24,132,-0.0017,-0.0005,100.0,518.67,643.12,1602.61,1415.18,14.62,21.61,552.5,2388.2,9048.98,1.3,47.76,520.19,2388.14,8129.19,8.4651,0.03,394,2388,100.0,38.61,23.1579
24,133,-0.0021,-0.0,100.0,518.67,643.75,1598.02,1421.91,14.62,21.61,551.53,2388.27,9048.94,1.3,47.8,520.65,2388.21,8123.5,8.5049,0.03,396,2388,100.0,38.56,23.1208
24,134,-0.0031,-0.0001,100.0,518.67,643.34,1600.07,1422.57,14.62,21.61,551.21,2388.22,9050.3,1.3,47.95,520.6,2388.23,8123.74,8.506,0.03,394,2388,100.0,38.46,23.0912
24,135,0.0037,0.0003,100.0,518.67,643.41,1592.99,1428.11,14.62,21.61,551.68,2388.21,9050.85,1.3,47.89,520.6,2388.23,8130.42,8.463,0.03,395,2388,100.0,38.66,23.0909
24,136,0.0005,-0.0003,100.0,518.67,643.57,1604.23,1419.83,14.62,21.61,552.14,2388.22,9042.39,1.3,48.03,520.04,2388.24,8126.42,8.5145,0.03,394,2388,100.0,38.52,23.0979
24,137,-0.0008,-0.0004,100.0,518.67,643.62,1597.13,1423.84,14.62,21.61,551.19,2388.22,9046.21,1.3,48.04,520.05,2388.22,8125.26,8.4738,0.03,395,2388,100.0,38.58,23.0075
24,138,0.0043,0.0002,100.0,518.67,643.6,1599.96,1423.08,14.62,21.61,552.31,2388.25,9046.74,1.3,47.96,520.44,2388.23,8124.3,8.4715,0.03,395,2388,100.0,38.59,23.2295
24,139,0.0007,-0.0,100.0,518.67,643.47,1597.18,1428.7,14.62,21.61,552.13,2388.28,9051.61,1.3,47.84,520.25,2388.26,8119.55,8.5013,0.03,395,2388,100.0,38.39,23.078
24,140,0.0005,0.0002,100.0,518.67,643.67,1607.24,1416.8,14.62,21.61,551.62,2388.17,9039.95,1.3,48.06,520.41,2388.28,8122.45,8.5487,0.03,395,2388,100.0,38.6,23.1751
24,141,0.0043,0.0002,100.0,518.67,643.52,1598.52,1420.29,14.62,21.61,551.27,2388.25,9046.3,1.3,48.08,520.06,2388.25,8123.21,8.5211,0.03,395,2388,100.0,38.43,23.1141
24,142,-0.0001,0.0003,100.0,518.67,643.96,1606.93,1430.94,14.62,21.61,551.08,2388.29,9049.74,1.3,47.9,520.09,2388.24,8124.07,8.5366,0.03,395,2388,100.0,38.41,23.2016
24,143,0.0031,-0.0005,100.0,518.67,643.87,1598.38,1434.04,14.62,21.61,551.03,2388.29,9046.41,1.3,48.12,519.63,2388.22,8124.72,8.5327,0.03,395,2388,100.0,38.42,23.0698
24,144,-0.0032,-0.0005,100.0,518.67,643.84,1598.85,1427.08,14.62,21.61,551.19,2388.32,9045.04,1.3,48.28,519.56,2388.3,8116.55,8.5311,0.03,395,2388,100.0,38.42,23.0542
24,145,-0.0018,-0.0003,100.0,518.67,643.81,1605.52,1429.77,14.62,21.61,551.44,2388.3,9046.07,1.3,48.21,520.0,2388.3,8119.31,8.4883,0.03,397,2388,100.0,38.53,23.0049
24,146,-0.002,0.0002,100.0,518.67,643.84,1604.35,1425.53,14.62,21.61,551.26,2388.33,9045.25,1.3,48.17,519.54,2388.29,8123.96,8.5617,0.03,397,2388,100.0,38.42,23.0444
24,147,-0.0006,0.0004,100.0,518.67,643.79,1601.33,1430.87,14.62,21.61,550.78,2388.3,9043.96,1.3,48.19,519.3,2388.28,8119.58,8.5374,0.03,398,2388,100.0,38.58,23.0309
52,1,0.0002,0.0001,100.0,518.67,642.67,1587.47,1405.02,14.62,21.61,553.94,2388.11,9049.17,1.3,47.5,521.23,2388.08,8130.94,8.3885,0.03,394,2388,100.0,38.77,23.3636
52,2,-0.0008,-0.0004,100.0,518.67,642.48,1593.3,1413.05,14.62,21.61,554.11,2388.1,9047.76,1.3,47.46,521.75,2388.06,8129.41,8.4687,0.03,392,2388,100.0,39.02,23.2396
52,3,-0.0018,-0.0,100.0,518.67,642.54,1587.35,1407.83,14.62,21.61,554.11,2388.08,9050.85,1.3,47.61,521.25,2388.07,8128.58,8.4006,0.03,393,2388,100.0,38.85,23.3873
52,4,0.0015,0.0002,100.0,518.67,643.11,1579.1,1406.11,14.62,21.61,554.27,2388.11,9047.38,1.3,47.29,521.11,2388.15,8123.91,8.4665,0.03,393,2388,100.0,38.83,23.3497
52,5,-0.0015,-0.0001,100.0,518.67,642.71,1573.75,1407.56,14.62,21.61,553.9,2388.09,9054.59,1.3,47.33,521.49,2388.1,8130.27,8.4556,0.03,394,2388,100.0,38.97,23.4487
52,6,0.0009,-0.0003,100.0,518.67,642.49,1587.19,1401.13,14.62,21.61,553.98,2388.1,9038.36,1.3,47.41,521.27,2388.07,8126.2,8.4286,0.03,392,2388,100.0,38.96,23.2617
52,7,0.0022,0.0005,100.0,518.67,643.3,1592.37,1399.82,14.62,21.61,553.4,2388.05,9045.55,1.3,47.39,521.61,2388.15,8127.98,8.4051,0.03,393,2388,100.0,38.91,23.282
52,8,-0.002,-0.0005,100.0,518.67,642.53,1587.08,1406.6,14.62,21.61,553.14,2388.11,9053.94,1.3,47.41,522.14,2388.07,8127.94,8.4552,0.03,395,2388,100.0,38.77,23.287
52,9,-0.0016,0.0001,100.0,518.67,642.85,1589.17,1415.36,14.62,21.61,553.45,2388.05,9046.16,1.3,47.58,521.61,2388.05,8127.31,8.421,0.03,392,2388,100.0,38.85,23.321
52,10,-0.0003,-0.0001,100.0,518.67,642.87,1591.95,1408.29,14.62,21.6,553.55,2388.11,9048.65,1.3,47.53,521.53,2388.12,8133.98,8.4214,0.03,392,2388,100.0,38.9,23.3184
52,11,-0.0026,-0.0003,100.0,518.67,642.65,1579.6,1415.0,14.62,21.61,553.23,2388.04,9043.07,1.3,47.4,521.22,2388.12,8130.41,8.404,0.03,393,2388,100.0,38.83,23.3505
52,12,0.0008,0.0004,100.0,518.67,642.82,1595.83,1400.51,14.62,21.61,553.76,2388.09,9052.35,1.3,47.4,521.98,2388.16,8124.64,8.3991,0.03,393,2388,100.0,38.7,23.2869
52,13,-0.0012,-0.0004,100.0,518.67,642.19,1583.7,1400.17,14.62,21.61,553.56,2388.07,9053.27,1.3,47.34,521.98,2388.11,8128.76,8.4204,0.03,394,2388,100.0,38.84,23.1843
52,14,0.0025,-0.0001,100.0,518.67,642.75,1594.47,1408.49,14.62,21.61,553.53,2388.13,9048.91,1.3,47.46,521.53,2388.08,8128.24,8.4527,0.03,393,2388,100.0,39.13,23.3208
52,15,0.0006,-0.0002,100.0,518.67,641.93,1589.33,1400.21,14.62,21.61,553.64,2388.09,9046.61,1.3,47.41,521.48,2388.04,8136.24,8.3959,0.03,392,2388,100.0,38.88,23.3944
52,16,0.0051,0.0001,100.0,518.67,642.86,1589.64,1406.02,14.62,21.61,553.55,2388.14,9042.53,1.3,47.46,521.59,2388.12,8124.18,8.451,0.03,392,2388,100.0,38.81,23.3576
52,17,-0.0025,0.0004,100.0,518.67,642.75,1591.46,1403.28,14.62,21.61,553.83,2388.11,9044.08,1.3,47.51,521.82,2388.1,8128.5,8.4333,0.03,392,2388,100.0,38.68,23.2854
52,18,0.0021,0.0002,100.0,518.67,642.91,1595.55,1407.97,14.62,21.61,553.65,2388.13,9052.0,1.3,47.33,521.56,2388.09,8127.35,8.4708,0.03,392,2388,100.0,38.79,23.2752
52,19,0.0004,-0.0001,100.0,518.67,642.32,1590.09,1404.1,14.62,21.61,553.53,2388.09,9053.31,1.3,47.56,521.68,2388.09,8127.82,8.4138,0.03,393,2388,100.0,38.8,23.2662
52,20,-0.0006,0.0004,100.0,518.67,642.93,1587.17,1400.51,14.62,21.61,553.65,2388.06,9050.9,1.3,47.31,521.09,2388.13,8126.24,8.43,0.03,393,2388,100.0,38.85,23.2657
52,21,-0.0015,-0.0005,100.0,518.67,642.28,1589.67,1409.16,14.62,21.61,553.61,2388.09,9048.48,1.3,47.49,521.34,2388.14,8124.98,8.4441,0.03,394,2388,100.0,38.99,23.3216
52,22,-0.0026,0.0004,100.0,518.67,642.64,1588.46,1401.3,14.62,21.61,554.14,2388.09,9050.7,1.3,47.3,521.39,2388.16,8132.33,8.4221,0.03,392,2388,100.0,39.06,23.2732
52,23,0.0023,0.0005,100.0,518.67,642.63,1587.5,1405.12,14.62,21.61,553.59,2388.12,9037.07,1.3,47.56,520.92,2388.15,8124.28,8.4432,0.03,393,2388,100.0,38.84,23.3642
52,24,-0.0019,-0.0002,100.0,518.67,642.34,1593.9,1399.81,14.62,21.61,554.3,2388.13,9043.7,1.3,47.47,521.64,2388.13,8134.01,8.4196,0.03,393,2388,100.0,38.9,23.4299
52,25,0.0015,0.0002,100.0,518.67,642.0,1585.47,1403.01,14.62,21.61,554.52,2388.06,9053.43,1.3,47.41,521.2,2388.09,8132.22,8.4428,0.03,392,2388,100.0,38.87,23.4114
52,26,-0.0017,-0.0002,100.0,518.67,642.5,1591.04,1407.07,14.62,21.61,553.67,2388.09,9047.13,1.3,47.46,521.57,2388.11,8129.57,8.4351,0.03,392,2388,100.0,38.76,23.3168
52,27,0.0041,-0.0003,100.0,518.67,642.72,1593.13,1406.78,14.62,21.61,552.58,2388.06,9051.68,1.3,47.55,521.55,2388.04,8126.72,8.426,0.03,395,2388,100.0,38.86,23.2791
52,28,-0.0052,-0.0001,100.0,518.67,642.76,1581.04,1411.7,14.62,21.61,553.67,2388.14,9048.86,1.3,47.28,522.3,2388.1,8132.23,8.413,0.03,391,2388,100.0,38.97,23.3864
52,29,0.0031,0.0003,100.0,518.67,642.15,1582.21,1406.01,14.62,21.61,553.58,2388.06,9046.07,1.3,47.64,521.62,2388.11,8126.76,8.4118,0.03,393,2388,100.0,38.86,23.2453
52,30,-0.0002,0.0001,100.0,518.67,642.42,1587.37,1398.15,14.62,21.61,553.37,2388.08,9046.63,1.3,47.56,521.41,2388.14,8134.0,8.4636,0.03,393,2388,100.0,38.92,23.2807
52,31,-0.002,-0.0,100.0,518.67,642.44,1583.62,1401.4,14.62,21.61,553.47,2388.12,9049.11,1.3,47.47,521.27,2388.09,8130.66,8.4219,0.03,392,2388,100.0,38.95,23.2019
52,32,-0.0004,-0.0004,100.0,518.67,642.48,1591.17,1407.6,14.62,21.61,553.58,2388.16,9048.56,1.3,47.53,522.11,2388.12,8131.31,8.4433,0.03,393,2388,100.0,38.83,23.2381
52,33,0.0016,-0.0004,100.0,518.67,642.3,1586.39,1402.3,14.62,21.61,553.92,2388.1,9044.14,1.3,47.41,521.62,2388.12,8128.41,8.4339,0.03,393,2388,100.0,38.91,23.2628
52,34,-0.0009,0.0004,100.0,518.67,642.68,1584.03,1403.42,14.62,21.61,553.72,2388.09,9048.74,1.3,47.47,521.43,2388.17,8129.01,8.4462,0.03,393,2388,100.0,38.81,23.3559
52,35,0.0019,0.0002,100.0,518.67,642.3,1587.16,1410.37,14.62,21.61,553.07,2388.12,9048.53,1.3,47.55,521.89,2388.12,8125.8,8.4273,0.03,392,2388,100.0,38.81,23.3821
52,36,-0.0025,0.0002,100.0,518.67,642.75,1588.34,1404.1,14.62,21.61,554.01,2388.07,9047.99,1.3,47.52,521.17,2388.12,8132.08,8.4144,0.03,392,2388,100.0,38.76,23.2153
52,37,0.0013,-0.0004,100.0,518.67,642.79,1587.64,1412.72,14.62,21.61,553.18,2388.12,9044.53,1.3,47.39,522.3,2388.08,8131.04,8.4491,0.03,393,2388,100.0,38.92,23.3225
52,38,0.0023,-0.0005,100.0,518.67,642.56,1588.22,1406.96,14.62,21.61,553.71,2388.14,9054.8,1.3,47.58,520.71,2388.06,8129.12,8.4324,0.03,393,2388,100.0,38.81,23.3561
52,39,-0.0005,-0.0003,100.0,518.67,642.15,1582.64,1403.74,14.62,21.61,553.35,2388.11,9045.83,1.3,47.6,521.49,2388.12,8127.17,8.4331,0.03,391,2388,100.0,38.78,23.3035
52,40,0.001,0.0003,100.0,518.67,642.62,1586.68,1402.29,14.62,21.61,553.48,2388.11,9048.8,1.3,47.45,521.46,2388.07,8133.08,8.4387,0.03,393,2388,100.0,38.97,23.3361
52,41,-0.0018,-0.0004,100.0,518.67,642.29,1587.24,1414.94,14.62,21.61,552.88,2388.14,9055.36,1.3,47.46,521.24,2388.08,8131.07,8.3995,0.03,394,2388,100.0,38.88,23.363
52,42,0.001,-0.0002,100.0,518.67,641.93,1592.62,1412.38,14.62,21.61,553.53,2388.09,9045.42,1.3,47.63,521.55,2388.1,8128.58,8.4463,0.03,392,2388,100.0,38.92,23.2624
52,43,-0.0002,-0.0003,100.0,518.67,642.09,1586.98,1404.83,14.62,21.61,554.4,2388.04,9059.13,1.3,47.5,521.53,2388.1,8128.29,8.4245,0.03,393,2388,100.0,38.85,23.322
52,44,0.0043,0.0002,100.0,518.67,642.68,1585.75,1408.5,14.62,21.61,553.68,2388.07,9049.2,1.3,47.51,521.47,2388.09,8128.94,8.4103,0.03,393,2388,100.0,38.94,23.4136
52,45,-0.0038,-0.0002,100.0,518.67,642.33,1592.62,1402.0,14.62,21.61,553.46,2388.12,9050.33,1.3,47.31,521.08,2388.09,8132.4,8.4321,0.03,393,2388,100.0,38.93,23.2351
52,46,0.0003,-0.0005,100.0,518.67,642.89,1593.78,1405.45,14.62,21.61,554.42,2388.1,9046.43,1.3,47.49,521.81,2388.06,8125.07,8.4433,0.03,393,2388,100.0,38.75,23.3052
52,47,-0.0003,0.0001,100.0,518.67,642.11,1597.61,1407.16,14.62,21.61,553.63,2388.06,9048.32,1.3,47.65,521.11,2388.12,8128.17,8.4231,0.03,393,2388,100.0,38.88,23.2489
52,48,-0.0025,-0.0003,100.0,518.67,642.22,1593.27,1408.39,14.62,21.61,553.05,2388.1,9048.79,1.3,47.46,521.8,2388.11,8133.78,8.424,0.03,391,2388,100.0,38.65,23.3486
52,49,-0.0011,-0.0002,100.0,518.67,642.54,1588.04,1407.32,14.62,21.61,553.44,2388.1,9053.49,1.3,47.38,521.26,2388.18,8129.31,8.4433,0.03,393,2388,100.0,38.84,23.2384
52,50,-0.0013,-0.0002,100.0,518.67,642.39,1582.07,1396.32,14.62,21.61,553.21,2388.07,9049.35,1.3,47.48,521.62,2388.07,8128.43,8.4631,0.03,393,2388,100.0,38.86,23.2804
52,51,0.0006,0.0005,100.0,518.67,642.63,1590.51,1415.31,14.62,21.61,553.71,2388.09,9053.85,1.3,47.56,521.89,2388.06,8127.92,8.4239,0.03,392,2388,100.0,38.87,23.2467
52,52,-0.0023,-0.0001,100.0,518.67,642.62,1589.22,1404.05,14.62,21.61,552.85,2388.09,9049.73,1.3,47.52,521.51,2388.09,8127.7,8.4449,0.03,393,2388,100.0,38.99,23.2494
52,53,0.0004,-0.0003,100.0,518.67,642.58,1587.35,1407.15,14.62,21.61,553.15,2388.1,9053.45,1.3,47.57,521.73,2388.12,8123.13,8.396,0.03,393,2388,100.0,38.82,23.2749
52,54,0.0015,0.0004,100.0,518.67,642.13,1587.43,1407.18,14.62,21.61,553.7,2388.14,9045.97,1.3,47.57,521.57,2388.12,8129.51,8.458,0.03,392,2388,100.0,38.89,23.3206
52,55,0.0011,-0.0005,100.0,518.67,642.87,1584.3,1411.08,14.62,21.61,554.29,2388.09,9044.02,1.3,47.42,521.19,2388.07,8130.67,8.4088,0.03,394,2388,100.0,38.87,23.3254
52,56,0.0011,0.0003,100.0,518.67,642.16,1590.39,1402.64,14.62,21.61,553.97,2388.14,9052.22,1.3,47.48,521.34,2388.13,8128.86,8.4324,0.03,393,2388,100.0,38.95,23.2723
52,57,-0.0015,0.0004,100.0,518.67,643.35,1589.99,1406.79,14.62,21.61,552.78,2388.1,9046.43,1.3,47.42,521.69,2388.08,8128.55,8.4353,0.03,393,2388,100.0,38.95,23.3532
52,58,0.0018,0.0003,100.0,518.67,642.06,1593.26,1407.55,14.62,21.61,553.42,2388.08,9056.33,1.3,47.45,521.51,2388.11,8126.71,8.4123,0.03,394,2388,100.0,38.8,23.2945
52,59,-0.004,-0.0001,100.0,518.67,642.72,1590.37,1412.24,14.62,21.61,554.27,2388.12,9054.8,1.3,47.36,521.28,2388.11,8129.77,8.4226,0.03,394,2388,100.0,38.91,23.2569
52,60,0.0003,-0.0004,100.0,518.67,642.49,1591.51,1400.71,14.62,21.61,553.9,2388.15,9050.7,1.3,47.57,521.42,2388.07,8131.96,8.4092,0.03,393,2388,100.0,38.9,23.3439
52,61,-0.0008,0.0001,100.0,518.67,642.78,1586.24,1412.88,14.62,21.61,554.15,2388.09,9042.13,1.3,47.5,521.55,2388.12,8131.34,8.4374,0.03,393,2388,100.0,39.03,23.2286
52,62,0.0013,-0.0,100.0,518.67,643.05,1586.66,1404.95,14.62,21.61,554.03,2388.07,9046.95,1.3,47.59,521.71,2388.16,8131.61,8.4269,0.03,393,2388,100.0,38.82,23.3311
52,63,0.0011,-0.0004,100.0,518.67,642.76,1585.3,1413.44,14.62,21.61,553.78,2388.09,9048.46,1.3,47.4,521.83,2388.13,8127.79,8.4428,0.03,392,2388,100.0,38.62,23.298
52,64,-0.001,0.0001,100.0,518.67,642.83,1579.29,1402.11,14.62,21.61,553.4,2388.12,9051.11,1.3,47.39,521.58,2388.12,8132.45,8.4153,0.03,393,2388,100.0,39.03,23.1934
52,65,0.0006,0.0002,100.0,518.67,642.17,1583.69,1406.45,14.62,21.61,553.7,2388.11,9049.69,1.3,47.38,521.32,2388.08,8135.55,8.3958,0.03,391,2388,100.0,38.78,23.3307
52,66,0.0019,-0.0003,100.0,518.67,642.88,1585.93,1409.01,14.62,21.61,554.01,2388.1,9045.3,1.3,47.6,521.36,2388.1,8126.94,8.4136,0.03,393,2388,100.0,38.76,23.2017
52,67,-0.0013,-0.0004,100.0,518.67,642.5,1589.89,1406.28,14.62,21.61,552.84,2388.1,9046.96,1.3,47.51,521.18,2388.11,8128.38,8.4231,0.03,393,2388,100.0,38.6,23.3284
52,68,0.0032,-0.0005,100.0,518.67,642.68,1588.8,1405.12,14.62,21.61,553.32,2388.1,9048.91,1.3,47.57,521.45,2388.05,8134.61,8.421,0.03,392,2388,100.0,38.91,23.3223
52,69,-0.0007,0.0001,100.0,518.67,642.76,1588.36,1415.39,14.62,21.61,553.22,2388.06,9048.34,1.3,47.51,521.28,2388.13,8127.74,8.4168,0.03,392,2388,100.0,38.8,23.2898
52,70,0.0027,0.0,100.0,518.67,642.78,1588.81,1404.38,14.62,21.61,553.86,2388.15,9047.29,1.3,47.49,521.38,2388.13,8128.42,8.4647,0.03,394,2388,100.0,38.82,23.4265
52,71,-0.0025,0.0002,100.0,518.67,642.94,1591.37,1410.53,14.62,21.61,553.7,2388.09,9050.1,1.3,47.6,521.54,2388.15,8131.43,8.4367,0.03,393,2388,100.0,38.82,23.2826
52,72,0.0035,0.0001,100.0,518.67,642.91,1597.59,1404.4,14.62,21.61,553.1,2388.15,9055.1,1.3,47.5,522.11,2388.1,8130.97,8.4441,0.03,394,2388,100.0,38.88,23.3763
52,73,-0.0001,-0.0005,100.0,518.67,642.47,1590.49,1411.08,14.62,21.61,553.13,2388.08,9046.28,1.3,47.47,522.02,2388.08,8129.04,8.4256,0.03,393,2388,100.0,38.75,23.1729
52,74,0.0021,0.0005,100.0,518.67,642.17,1588.47,1412.03,14.62,21.61,553.46,2388.13,9051.95,1.3,47.51,521.92,2388.07,8125.14,8.4633,0.03,393,2388,100.0,38.81,23.2723
52,75,-0.001,0.0003,100.0,518.67,642.61,1589.82,1410.02,14.62,21.61,553.76,2388.18,9046.57,1.3,47.53,521.74,2388.1,8125.85,8.403,0.03,392,2388,100.0,38.84,23.3106
52,76,0.0047,-0.0001,100.0,518.67,642.67,1592.31,1404.84,14.62,21.61,553.72,2388.09,9051.34,1.3,47.28,521.14,2388.14,8132.96,8.4197,0.03,391,2388,100.0,38.83,23.3133
52,77,-0.0028,0.0001,100.0,518.67,642.56,1589.75,1408.71,14.62,21.61,553.89,2388.13,9049.56,1.3,47.46,521.5,2388.08,8131.86,8.4274,0.03,392,2388,100.0,38.65,23.193
52,78,-0.0013,-0.0002,100.0,518.67,642.24,1589.66,1408.33,14.62,21.61,553.75,2388.15,9052.0,1.3,47.42,521.69,2388.1,8131.69,8.4524,0.03,394,2388,100.0,38.92,23.3116
52,79,-0.0015,-0.0001,100.0,518.67,642.45,1586.88,1408.91,14.62,21.61,554.04,2388.12,9053.94,1.3,47.42,521.39,2388.13,8129.22,8.3995,0.03,393,2388,100.0,38.91,23.3821
52,80,-0.0013,-0.0002,100.0,518.67,642.78,1586.86,1398.7,14.62,21.61,554.21,2388.12,9051.01,1.3,47.61,521.68,2388.16,8134.03,8.4292,0.03,392,2388,100.0,38.95,23.4558
52,81,0.0023,0.0,100.0,518.67,642.92,1587.84,1403.66,14.62,21.61,552.71,2388.07,9056.3,1.3,47.36,521.36,2388.14,8131.12,8.4112,0.03,393,2388,100.0,38.98,23.4768
52,82,0.0027,0.0002,100.0,518.67,642.87,1590.25,1405.31,14.62,21.61,553.41,2388.05,9044.12,1.3,47.5,520.91,2388.09,8127.97,8.4283,0.03,393,2388,100.0,38.82,23.199
52,83,-0.0013,0.0002,100.0,518.67,642.62,1598.7,1398.01,14.62,21.61,553.49,2388.12,9051.03,1.3,47.58,521.73,2388.15,8134.55,8.4276,0.03,393,2388,100.0,39.04,23.2953
52,84,0.0022,0.0001,100.0,518.67,642.73,1589.53,1407.69,14.62,21.61,553.25,2388.16,9057.67,1.3,47.5,521.1,2388.13,8130.71,8.4107,0.03,393,2388,100.0,38.92,23.3113
52,85,-0.0001,-0.0004,100.0,518.67,642.65,1589.74,1411.96,14.62,21.61,553.68,2388.04,9053.73,1.3,47.51,521.36,2388.09,8125.35,8.4754,0.03,394,2388,100.0,38.81,23.2851
52,86,-0.0041,0.0003,100.0,518.67,642.23,1589.89,1409.25,14.62,21.61,553.41,2388.13,9055.32,1.3,47.47,521.24,2388.1,8132.64,8.4327,0.03,394,2388,100.0,38.79,23.2345
52,87,-0.0,0.0003,100.0,518.67,643.47,1586.99,1400.07,14.62,21.61,552.83,2388.12,9047.61,1.3,47.48,521.45,2388.13,8134.19,8.4377,0.03,395,2388,100.0,38.85,23.2169
52,88,0.0014,0.0,100.0,518.67,642.02,1588.8,1409.69,14.62,21.61,553.16,2388.08,9049.95,1.3,47.5,521.37,2388.1,8133.43,8.4654,0.03,393,2388,100.0,38.95,23.1963
52,89,0.0028,0.0004,100.0,518.67,643.18,1591.26,1413.72,14.62,21.61,553.6,2388.13,9046.41,1.3,47.51,521.55,2388.15,8129.13,8.4446,0.03,394,2388,100.0,38.82,23.2724
52,90,0.001,-0.0001,100.0,518.67,642.71,1592.16,1413.49,14.62,21.61,553.03,2388.12,9045.52,1.3,47.54,522.12,2388.07,8130.54,8.4727,0.03,391,2388,100.0,38.88,23.3463
52,91,0.0009,0.0,100.0,518.67,642.41,1587.71,1405.17,14.62,21.61,553.19,2388.08,9044.87,1.3,47.7,521.56,2388.12,8129.8,8.4508,0.03,392,2388,100.0,38.79,23.2277
52,92,-0.0026,0.0,100.0,518.67,642.58,1583.64,1417.73,14.62,21.61,553.7,2388.18,9044.73,1.3,47.55,521.44,2388.14,8132.28,8.434,0.03,393,2388,100.0,38.72,23.2731
52,93,-0.0038,-0.0005,100.0,518.67,642.95,1595.82,1413.19,14.62,21.61,552.97,2388.09,9053.94,1.3,47.5,521.34,2388.12,8128.29,8.4377,0.03,393,2388,100.0,38.8,23.3475
52,94,-0.0008,-0.0005,100.0,518.67,642.88,1585.11,1412.76,14.62,21.61,553.38,2388.11,9057.02,1.3,47.58,521.27,2388.12,8131.23,8.4569,0.03,393,2388,100.0,38.92,23.2296
52,95,-0.0031,-0.0004,100.0,518.67,642.72,1590.33,1415.17,14.62,21.61,553.2,2388.1,9061.18,1.3,47.55,521.14,2388.09,8129.0,8.4693,0.03,394,2388,100.0,38.74,23.2932
52,96,0.001,0.0004,100.0,518.67,642.05,1590.72,1409.83,14.62,21.61,553.76,2388.09,9039.34,1.3,47.57,521.46,2388.18,8135.05,8.4686,0.03,396,2388,100.0,39.11,23.2168
52,97,-0.0041,0.0001,100.0,518.67,642.96,1595.02,1404.83,14.62,21.61,553.23,2388.07,9047.93,1.3,47.46,521.08,2388.1,8133.98,8.4187,0.03,395,2388,100.0,38.66,23.2764
52,98,0.0007,-0.0002,100.0,518.67,643.14,1587.96,1407.8,14.62,21.61,553.62,2388.12,9049.41,1.3,47.69,521.27,2388.08,8131.41,8.4496,0.03,393,2388,100.0,38.9,23.2315
52,99,-0.0023,-0.0003,100.0,518.67,643.0,1591.02,1411.01,14.62,21.61,553.51,2388.11,9054.78,1.3,47.51,521.38,2388.13,8134.16,8.4288,0.03,392,2388,100.0,38.97,23.3249
52,100,0.001,0.0001,100.0,518.67,643.26,1593.08,1405.72,14.62,21.61,552.77,2388.18,9059.15,1.3,47.42,521.27,2388.1,8130.16,8.4548,0.03,393,2388,100.0,38.99,23.2991
52,101,0.0004,0.0004,100.0,518.67,642.54,1595.29,1410.98,14.62,21.61,552.67,2388.12,9050.77,1.3,47.73,521.5,2388.1,8131.53,8.4076,0.03,392,2388,100.0,38.91,23.3376
52,102,0.0011,-0.0003,100.0,518.67,642.82,1587.71,1407.87,14.62,21.61,553.81,2388.08,9049.66,1.3,47.3,521.22,2388.13,8131.29,8.4456,0.03,393,2388,100.0,38.6,23.3391
52,103,0.0002,-0.0,100.0,518.67,642.91,1587.56,1411.15,14.62,21.61,552.96,2388.13,9052.33,1.3,47.37,521.38,2388.1,8135.01,8.4037,0.03,393,2388,100.0,38.96,23.2677
52,104,0.0002,-0.0003,100.0,518.67,642.84,1590.26,1414.03,14.62,21.61,553.2,2388.12,9058.48,1.3,47.45,520.92,2388.11,8135.73,8.4408,0.03,394,2388,100.0,38.93,23.1982
52,105,0.0017,0.0001,100.0,518.67,642.36,1591.98,1410.27,14.62,21.61,553.48,2388.1,9059.28,1.3,47.51,521.48,2388.13,8133.36,8.4292,0.03,391,2388,100.0,38.93,23.2901
52,106,-0.0042,-0.0003,100.0,518.67,642.72,1590.47,1413.06,14.62,21.61,553.19,2388.15,9057.19,1.3,47.5,521.51,2388.15,8135.95,8.4637,0.03,393,2388,100.0,38.73,23.2377
52,107,0.0014,0.0004,100.0,518.67,642.83,1592.05,1412.33,14.62,21.61,552.84,2388.13,9049.07,1.3,47.55,521.35,2388.11,8131.59,8.4649,0.03,393,2388,100.0,38.69,23.2225
52,108,0.0021,-0.0003,100.0,518.67,642.98,1586.2,1410.0,14.62,21.61,553.34,2388.17,9057.74,1.3,47.46,521.29,2388.12,8139.39,8.4445,0.03,394,2388,100.0,38.85,23.3553
52,109,-0.003,-0.0004,100.0,518.67,643.2,1599.43,1405.77,14.62,21.61,553.06,2388.11,9053.58,1.3,47.86,521.22,2388.13,8137.59,8.4563,0.03,394,2388,100.0,38.63,23.2392
52,110,-0.0013,0.0,100.0,518.67,642.45,1586.18,1415.73,14.62,21.61,553.17,2388.14,9049.83,1.3,47.53,521.2,2388.12,8132.7,8.4502,0.03,393,2388,100.0,38.77,23.3548
52,111,0.0034,-0.0,100.0,518.67,642.12,1596.54,1407.86,14.62,21.61,553.28,2388.15,9045.43,1.3,47.73,521.07,2388.2,8129.31,8.4379,0.03,393,2388,100.0,38.83,23.1978
52,112,-0.0004,-0.0003,100.0,518.67,642.98,1591.13,1409.44,14.62,21.61,553.26,2388.17,9047.25,1.3,47.38,521.32,2388.07,8137.72,8.4376,0.03,394,2388,100.0,38.57,23.274
52,113,0.0045,-0.0005,100.0,518.67,642.36,1587.1,1407.06,14.62,21.61,553.2,2388.1,9053.66,1.3,47.51,521.69,2388.11,8134.71,8.4238,0.03,391,2388,100.0,38.85,23.2764
52,114,0.0026,0.0,100.0,518.67,643.27,1593.46,1410.57,14.62,21.61,553.43,2388.13,9050.19,1.3,47.69,521.58,2388.14,8131.53,8.4535,0.03,393,2388,100.0,39.05,23.177
52,115,-0.0019,0.0001,100.0,518.67,642.47,1588.83,1409.51,14.62,21.61,553.28,2388.12,9054.23,1.3,47.55,521.32,2388.11,8130.71,8.4213,0.03,392,2388,100.0,38.87,23.4081
52,116,-0.0005,-0.0004,100.0,518.67,642.5,1590.65,1404.05,14.62,21.61,552.49,2388.12,9058.86,1.3,47.47,521.56,2388.1,8134.88,8.429,0.03,394,2388,100.0,38.89,23.2291
52,117,-0.0037,-0.0001,100.0,518.67,642.82,1586.54,1414.02,14.62,21.61,552.7,2388.15,9058.1,1.3,47.72,520.95,2388.07,8136.15,8.4603,0.03,393,2388,100.0,38.97,23.2899
52,118,-0.0007,-0.0004,100.0,518.67,642.84,1592.01,1414.54,14.62,21.61,553.31,2388.14,9050.27,1.3,47.78,520.97,2388.13,8135.72,8.4211,0.03,393,2388,100.0,38.76,23.2381
52,119,0.0025,-0.0005,100.0,518.67,643.22,1590.49,1410.84,14.62,21.61,553.13,2388.11,9062.19,1.3,47.49,521.36,2388.13,8135.28,8.4368,0.03,394,2388,100.0,38.75,23.2227
52,120,-0.0054,0.0004,100.0,518.67,642.57,1591.26,1405.49,14.62,21.61,553.62,2388.16,9059.62,1.3,47.51,520.94,2388.1,8133.41,8.4638,0.03,393,2388,100.0,38.82,23.2786
52,121,-0.0,0.0003,100.0,518.67,643.11,1594.33,1417.67,14.62,21.61,553.44,2388.12,9056.15,1.3,47.64,521.07,2388.12,8130.16,8.4469,0.03,394,2388,100.0,38.72,23.2883
52,122,0.0003,-0.0002,100.0,518.67,642.76,1590.9,1411.42,14.62,21.61,553.34,2388.11,9053.81,1.3,47.64,521.2,2388.1,8136.35,8.4444,0.03,393,2388,100.0,38.64,23.3309
52,123,0.0033,0.0003,100.0,518.67,642.54,1592.51,1411.96,14.62,21.61,552.24,2388.14,9050.13,1.3,47.62,521.49,2388.11,8138.2,8.4599,0.03,391,2388,100.0,38.78,23.2854
52,124,0.0043,0.0002,100.0,518.67,642.82,1588.69,1411.46,14.62,21.61,552.51,2388.12,9046.88,1.3,47.63,520.91,2388.05,8132.59,8.4331,0.03,393,2388,100.0,38.9,23.2584
52,125,0.0001,0.0003,100.0,518.67,642.56,1587.06,1406.86,14.62,21.61,552.47,2388.17,9058.53,1.3,47.49,521.14,2388.14,8138.02,8.4084,0.03,394,2388,100.0,38.87,23.3494
52,126,-0.0009,-0.0002,100.0,518.67,642.75,1585.99,1409.25,14.62,21.61,553.24,2388.12,9063.07,1.3,47.57,520.98,2388.14,8132.09,8.438,0.03,395,2388,100.0,38.67,23.2946
52,127,-0.0024,-0.0005,100.0,518.67,643.27,1588.16,1412.67,14.62,21.61,553.15,2388.07,9055.69,1.3,47.69,521.06,2388.15,8130.29,8.4396,0.03,393,2388,100.0,38.73,23.2936
52,128,-0.0,-0.0004,100.0,518.67,642.47,1587.97,1405.51,14.62,21.61,552.71,2388.16,9062.8,1.3,47.62,521.48,2388.16,8133.79,8.4809,0.03,394,2388,100.0,38.82,23.2743
52,129,-0.0012,-0.0004,100.0,518.67,642.8,1598.13,1409.68,14.62,21.61,553.39,2388.11,9050.95,1.3,47.62,521.64,2388.11,8135.39,8.478,0.03,393,2388,100.0,39.02,23.2983
52,130,-0.0018,-0.0003,100.0,518.67,643.03,1591.24,1417.01,14.62,21.61,552.43,2388.14,9051.57,1.3,47.73,521.05,2388.14,8135.74,8.4469,0.03,393,2388,100.0,38.86,23.2652
52,131,-0.0006,-0.0005,100.0,518.67,643.07,1581.96,1409.84,14.62,21.61,553.18,2388.13,9056.83,1.3,47.65,521.13,2388.08,8132.54,8.4246,0.03,393,2388,100.0,38.79,23.1701
52,132,0.0011,-0.0004,100.0,518.67,643.34,1599.6,1411.93,14.62,21.61,553.29,2388.15,9062.84,1.3,47.47,521.51,2388.13,8136.05,8.4721,0.03,395,2388,100.0,38.74,23.2078
52,133,0.0001,0.0003,100.0,518.67,642.98,1591.52,1413.26,14.62,21.61,553.35,2388.13,9062.89,1.3,47.61,521.83,2388.12,8135.05,8.466,0.03,393,2388,100.0,38.74,23.2915
52,134,-0.0014,-0.0001,100.0,518.67,642.48,1592.64,1410.83,14.62,21.61,553.07,2388.15,9054.61,1.3,47.56,521.54,2388.13,8137.17,8.4442,0.03,395,2388,100.0,38.69,23.2332
52,135,0.0002,-0.0,100.0,518.67,642.82,1593.76,1409.6,14.62,21.61,553.16,2388.09,9053.17,1.3,47.78,521.58,2388.14,8134.08,8.4818,0.03,395,2388,100.0,38.57,23.3283
52,136,0.0023,-0.0002,100.0,518.67,643.05,1591.96,1414.84,14.62,21.61,553.48,2388.11,9062.24,1.3,47.61,520.92,2388.16,8137.37,8.4585,0.03,394,2388,100.0,38.64,23.2451
52,137,-0.0012,-0.0003,100.0,518.67,642.58,1593.7,1408.4,14.62,21.61,553.65,2388.14,9062.53,1.3,47.66,521.35,2388.14,8133.05,8.4476,0.03,393,2388,100.0,38.63,23.3863
52,138,-0.0033,0.0002,100.0,518.67,642.34,1592.09,1409.56,14.62,21.61,552.96,2388.17,9059.42,1.3,47.65,521.16,2388.16,8135.41,8.457,0.03,394,2388,100.0,38.83,23.3225
52,139,0.0003,0.0004,100.0,518.67,642.63,1589.8,1411.99,14.62,21.61,552.84,2388.16,9061.32,1.3,47.56,520.64,2388.15,8135.95,8.427,0.03,394,2388,100.0,39.01,23.2312
52,140,-0.0016,-0.0003,100.0,518.67,642.71,1598.93,1414.82,14.62,21.61,553.53,2388.15,9058.68,1.3,47.66,520.71,2388.13,8138.5,8.4724,0.03,393,2388,100.0,38.67,23.322
52,141,0.0008,-0.0004,100.0,518.67,642.58,1592.66,1413.82,14.62,21.61,552.52,2388.12,9064.0,1.3,47.6,521.45,2388.18,8135.42,8.4679,0.03,393,2388,100.0,38.82,23.1906
52,142,-0.0015,-0.0004,100.0,518.67,643.19,1594.68,1411.24,14.62,21.61,553.56,2388.1,9068.47,1.3,47.37,520.87,2388.16,8144.5,8.4719,0.03,392,2388,100.0,38.86,23.3787
52,143,0.0022,-0.0003,100.0,518.67,642.67,1593.13,1418.87,14.62,21.61,553.6,2388.2,9062.24,1.3,47.55,521.06,2388.15,8138.63,8.4492,0.03,394,2388,100.0,38.71,23.258
52,144,0.0015,0.0003,100.0,518.67,642.89,1595.02,1411.02,14.62,21.61,552.16,2388.17,9056.07,1.3,47.63,521.34,2388.14,8138.85,8.4617,0.03,394,2388,100.0,38.62,23.1748
52,145,-0.0037,-0.0002,100.0,518.67,642.67,1592.52,1412.77,14.62,21.61,553.08,2388.14,9056.73,1.3,47.81,520.83,2388.08,8144.12,8.4729,0.03,393,2388,100.0,38.74,23.2311
52,146,-0.002,-0.0003,100.0,518.67,642.91,1586.34,1411.8,14.62,21.61,552.73,2388.05,9062.84,1.3,47.58,520.79,2388.09,8144.88,8.4286,0.03,394,2388,100.0,38.79,23.3156
52,147,0.0005,0.0001,100.0,518.67,642.64,1589.85,1410.59,14.62,21.61,553.24,2388.1,9062.12,1.3,47.67,520.65,2388.09,8139.0,8.4462,0.03,394,2388,100.0,38.69,23.3281
52,148,-0.0009,0.0001,100.0,518.67,643.06,1589.94,1411.38,14.62,21.61,552.61,2388.18,9061.25,1.3,47.5,521.58,2388.14,8144.0,8.4424,0.03,393,2388,100.0,38.8,23.2173
52,149,0.0001,-0.0002,100.0,518.67,643.1,1597.46,1412.59,14.62,21.61,552.46,2388.11,9065.33,1.3,47.66,521.07,2388.15,8140.04,8.4449,0.03,393,2388,100.0,38.61,23.2354
52,150,-0.0009,0.0003,100.0,518.67,642.86,1587.21,1410.52,14.62,21.61,553.08,2388.14,9064.53,1.3,47.74,521.16,2388.14,8141.62,8.4198,0.03,394,2388,100.0,38.5,23.2163
52,151,0.0029,-0.0002,100.0,518.67,643.25,1599.24,1421.93,14.62,21.61,553.16,2388.11,9068.19,1.3,47.59,520.44,2388.13,8139.76,8.425,0.03,393,2388,100.0,38.74,23.2025
52,152,0.0031,-0.0,100.0,518.67,642.92,1597.08,1415.88,14.62,21.61,552.89,2388.13,9062.31,1.3,47.56,520.96,2388.08,8150.21,8.4487,0.03,395,2388,100.0,38.78,23.3239
52,153,0.0005,-0.0003,100.0,518.67,643.52,1602.62,1414.51,14.62,21.61,552.99,2388.2,9061.1,1.3,47.77,521.56,2388.11,8144.07,8.4888,0.03,395,2388,100.0,38.76,23.1736
52,154,-0.0027,-0.0,100.0,518.67,642.68,1593.19,1417.98,14.62,21.61,552.73,2388.11,9062.79,1.3,47.88,521.68,2388.13,8140.75,8.5054,0.03,396,2388,100.0,38.89,23.2422
52,155,-0.001,0.0003,100.0,518.67,643.17,1591.52,1405.97,14.62,21.61,552.4,2388.12,9058.23,1.3,47.86,520.93,2388.17,8143.44,8.44,0.03,394,2388,100.0,38.71,23.1354
52,156,-0.0026,0.0002,100.0,518.67,642.92,1594.75,1405.02,14.62,21.61,552.43,2388.07,9059.36,1.3,47.55,520.29,2388.14,8143.39,8.4547,0.03,394,2388,100.0,38.65,23.1323
52,157,0.002,-0.0005,100.0,518.67,643.59,1593.04,1421.13,14.62,21.61,552.25,2388.13,9060.41,1.3,47.77,520.83,2388.17,8145.35,8.4328,0.03,393,2388,100.0,38.81,23.2434
52,158,0.0037,0.0002,100.0,518.67,643.04,1599.19,1413.08,14.62,21.61,553.29,2388.17,9064.19,1.3,47.75,521.1,2388.12,8149.46,8.4422,0.03,393,2388,100.0,38.71,23.234
52,159,-0.0031,-0.0004,100.0,518.67,642.77,1597.74,1410.01,14.62,21.61,552.59,2388.08,9065.09,1.3,47.6,520.87,2388.12,8141.25,8.4239,0.03,395,2388,100.0,38.72,23.2812
52,160,0.0018,-0.0,100.0,518.67,642.83,1595.43,1416.51,14.62,21.61,552.86,2388.16,9068.6,1.3,47.81,521.13,2388.18,8140.08,8.4704,0.03,394,2388,100.0,38.68,23.1648
52,161,0.0023,0.0003,100.0,518.67,642.85,1602.13,1409.66,14.62,21.61,552.45,2388.08,9062.48,1.3,47.93,520.85,2388.09,8143.68,8.4812,0.03,394,2388,100.0,38.55,23.1504
52,162,0.0035,-0.0004,100.0,518.67,642.92,1589.5,1420.77,14.62,21.61,552.34,2388.1,9067.91,1.3,47.98,520.76,2388.12,8145.38,8.4683,0.03,394,2388,100.0,38.72,23.1752
52,163,-0.0019,0.0004,100.0,518.67,643.27,1591.84,1416.92,14.62,21.61,552.59,2388.17,9060.25,1.3,47.72,521.05,2388.18,8140.23,8.4864,0.03,395,2388,100.0,38.79,23.29
52,164,0.0036,0.0005,100.0,518.67,642.85,1599.89,1412.93,14.62,21.61,552.25,2388.18,9073.74,1.3,47.63,520.55,2388.2,8146.88,8.4606,0.03,395,2388,100.0,38.79,23.2388
52,165,-0.0023,0.0001,100.0,518.67,642.9,1598.95,1421.65,14.62,21.61,552.45,2388.13,9071.73,1.3,47.6,521.04,2388.19,8144.48,8.4873,0.03,396,2388,100.0,38.68,23.3064
52,166,-0.003,-0.0002,100.0,518.67,643.06,1591.63,1414.52,14.62,21.61,552.9,2388.1,9061.89,1.3,47.71,520.79,2388.15,8150.02,8.4887,0.03,395,2388,100.0,38.85,23.2368
52,167,-0.0007,0.0001,100.0,518.67,643.02,1588.04,1416.78,14.62,21.61,552.15,2388.19,9070.41,1.3,47.73,520.89,2388.15,8141.2,8.4487,0.03,393,2388,100.0,38.94,23.2748
52,168,-0.0026,-0.0,100.0,518.67,643.08,1589.96,1416.07,14.62,21.61,552.86,2388.17,9073.53,1.3,47.79,520.71,2388.2,8149.53,8.5078,0.03,395,2388,100.0,38.53,23.2076
52,169,0.0046,-0.0003,100.0,518.67,643.72,1597.26,1422.21,14.62,21.61,552.41,2388.19,9070.97,1.3,47.99,520.95,2388.17,8151.65,8.4976,0.03,396,2388,100.0,38.72,23.2619
52,170,0.0023,0.0003,100.0,518.67,643.21,1599.29,1417.16,14.62,21.61,552.72,2388.13,9060.68,1.3,47.79,520.67,2388.15,8145.94,8.4597,0.03,396,2388,100.0,38.52,23.1227
52,171,-0.0017,0.0001,100.0,518.67,642.84,1597.16,1419.2,14.62,21.61,552.3,2388.17,9073.47,1.3,47.72,520.41,2388.1,8146.44,8.4496,0.03,395,2388,100.0,38.76,23.202
52,172,0.0015,-0.0005,100.0,518.67,642.64,1593.68,1416.86,14.62,21.61,552.53,2388.16,9076.96,1.3,47.87,521.03,2388.13,8148.56,8.4659,0.03,395,2388,100.0,38.53,23.2777
52,173,0.003,0.0003,100.0,518.67,643.04,1599.44,1421.29,14.62,21.61,551.73,2388.14,9074.19,1.3,47.68,520.74,2388.15,8153.55,8.476,0.03,396,2388,100.0,38.64,23.197
52,174,-0.0019,-0.0003,100.0,518.67,642.72,1599.19,1418.2,14.62,21.61,552.35,2388.16,9070.26,1.3,47.76,520.9,2388.13,8148.47,8.4869,0.03,396,2388,100.0,38.61,23.1571
52,175,0.0036,-0.0004,100.0,518.67,643.51,1595.08,1415.89,14.62,21.61,552.37,2388.15,9072.4,1.3,48.08,520.8,2388.13,8152.76,8.4785,0.03,395,2388,100.0,38.57,23.1028
52,176,0.0029,0.0003,100.0,518.67,643.3,1590.24,1420.21,14.62,21.61,551.9,2388.22,9075.38,1.3,47.77,520.15,2388.16,8149.52,8.4699,0.03,394,2388,100.0,38.41,23.2056
52,177,0.0013,0.0004,100.0,518.67,643.39,1597.72,1420.81,14.62,21.61,552.49,2388.17,9083.84,1.3,47.93,520.73,2388.17,8147.19,8.4694,0.03,395,2388,100.0,38.78,23.1531
52,178,-0.0005,0.0005,100.0,518.67,643.07,1597.72,1419.6,14.62,21.61,552.29,2388.13,9074.33,1.3,47.98,520.26,2388.14,8150.74,8.4853,0.03,395,2388,100.0,38.56,23.2675
52,179,0.0006,-0.0001,100.0,518.67,642.91,1600.76,1421.94,14.62,21.61,552.57,2388.15,9083.83,1.3,47.83,520.68,2388.17,8157.56,8.4725,0.03,395,2388,100.0,38.69,23.2613
52,180,-0.0008,-0.0001,100.0,518.67,643.5,1593.73,1427.7,14.62,21.61,552.05,2388.09,9082.72,1.3,47.89,519.84,2388.16,8155.56,8.4558,0.03,395,2388,100.0,38.75,23.1657
52,181,0.002,0.0004,100.0,518.67,643.07,1595.19,1417.96,14.62,21.61,552.06,2388.17,9073.26,1.3,47.78,520.76,2388.15,8151.94,8.4598,0.03,396,2388,100.0,38.69,23.1682
52,182,0.0004,-0.0002,100.0,518.67,643.59,1595.18,1426.6,14.62,21.61,552.48,2388.15,9079.29,1.3,47.68,520.31,2388.17,8151.9,8.4869,0.03,396,2388,100.0,38.62,23.2242
52,183,-0.0012,0.0004,100.0,518.67,643.4,1597.72,1419.4,14.62,21.61,552.5,2388.2,9087.0,1.3,47.89,520.19,2388.16,8160.0,8.4885,0.03,396,2388,100.0,38.51,23.2271
52,184,-0.002,0.0004,100.0,518.67,642.88,1597.34,1418.47,14.62,21.61,552.02,2388.16,9082.49,1.3,47.89,520.45,2388.16,8156.61,8.4916,0.03,395,2388,100.0,38.56,22.9558
52,185,0.0009,0.0004,100.0,518.67,642.99,1596.16,1420.03,14.62,21.61,551.94,2388.15,9075.93,1.3,47.92,520.17,2388.2,8158.25,8.5048,0.03,394,2388,100.0,38.6,23.1838
52,186,0.0002,-0.0001,100.0,518.67,643.61,1601.25,1418.5,14.62,21.61,552.26,2388.21,9084.9,1.3,48.01,520.48,2388.19,8155.49,8.5045,0.03,396,2388,100.0,38.54,23.0806
52,187,0.0016,0.0002,100.0,518.67,643.07,1600.19,1429.4,14.62,21.61,552.75,2388.12,9086.07,1.3,47.95,520.28,2388.12,8159.02,8.5037,0.03,395,2388,100.0,38.55,23.1362
52,188,0.0026,-0.0001,100.0,518.67,643.12,1594.41,1422.58,14.62,21.61,552.9,2388.19,9086.99,1.3,47.98,520.52,2388.15,8159.58,8.5184,0.03,393,2388,100.0,38.57,22.9463
52,189,-0.001,0.0,100.0,518.67,642.77,1605.53,1414.96,14.62,21.61,551.95,2388.24,9089.2,1.3,47.95,520.29,2388.18,8160.68,8.4582,0.03,395,2388,100.0,38.44,23.1681
52,190,0.0047,-0.0004,100.0,518.67,643.13,1594.22,1415.87,14.62,21.61,552.07,2388.23,9089.03,1.3,48.03,520.47,2388.14,8157.73,8.5057,0.03,394,2388,100.0,38.56,23.1194
52,191,-0.0037,-0.0005,100.0,518.67,643.6,1595.77,1423.39,14.62,21.61,552.43,2388.16,9086.56,1.3,47.75,520.69,2388.17,8159.97,8.4942,0.03,395,2388,100.0,38.62,23.1696
52,192,-0.0028,-0.0001,100.0,518.67,643.56,1598.38,1419.94,14.62,21.61,551.9,2388.2,9092.3,1.3,48.0,520.39,2388.19,8157.52,8.5209,0.03,397,2388,100.0,38.49,23.1281
52,193,-0.0021,0.0001,100.0,518.67,643.33,1606.89,1434.14,14.62,21.61,551.59,2388.21,9096.11,1.3,47.93,520.03,2388.17,8162.13,8.4934,0.03,395,2388,100.0,38.57,23.1583
52,194,0.0004,-0.0003,100.0,518.67,643.2,1597.44,1416.68,14.62,21.61,551.88,2388.18,9082.86,1.3,47.95,520.22,2388.18,8163.79,8.464,0.03,396,2388,100.0,38.32,23.1389
52,195,0.0028,0.0001,100.0,518.67,643.62,1597.0,1416.56,14.62,21.61,552.24,2388.2,9092.25,1.3,48.12,520.36,2388.13,8158.52,8.507,0.03,395,2388,100.0,38.51,23.0456
52,196,-0.0003,0.0002,100.0,518.67,643.67,1598.61,1425.44,14.62,21.61,551.53,2388.17,9087.67,1.3,48.01,519.81,2388.2,8164.07,8.4925,0.03,396,2388,100.0,38.55,23.1323
52,197,0.0036,-0.0003,100.0,518.67,643.57,1604.82,1422.12,14.62,21.61,551.79,2388.18,9088.04,1.3,47.85,520.58,2388.17,8161.6,8.5018,0.03,396,2388,100.0,38.66,23.2464
52,198,0.0017,-0.0001,100.0,518.67,643.09,1601.98,1422.52,14.62,21.61,551.31,2388.16,9090.04,1.3,47.87,519.98,2388.15,8162.06,8.5216,0.03,396,2388,100.0,38.48,23.1038
52,199,0.0007,-0.0001,100.0,518.67,643.28,1599.03,1423.95,14.62,21.61,551.67,2388.24,9092.67,1.3,48.26,519.69,2388.21,8162.92,8.5099,0.03,395,2388,100.0,38.54,23.0906
52,200,-0.0013,-0.0004,100.0,518.67,643.3,1599.22,1422.66,14.62,21.61,552.35,2388.21,9092.46,1.3,47.99,519.86,2388.12,8171.62,8.5097,0.03,396,2388,100.0,38.45,23.1463
52,201,0.0007,-0.0,100.0,518.67,643.51,1599.52,1427.19,14.62,21.61,551.99,2388.18,9093.02,1.3,48.08,519.98,2388.23,8167.62,8.5033,0.03,396,2388,100.0,38.55,23.0678
52,202,-0.0035,0.0002,100.0,518.67,643.46,1596.47,1428.95,14.62,21.61,551.93,2388.18,9100.96,1.3,48.13,520.42,2388.16,8171.14,8.517,0.03,396,2388,100.0,38.5,23.1765
52,203,-0.0003,0.0002,100.0,518.67,644.14,1602.23,1425.7,14.62,21.61,552.16,2388.18,9096.69,1.3,48.14,520.28,2388.2,8167.06,8.5385,0.03,395,2388,100.0,38.31,23.0691
52,204,-0.0007,0.0001,100.0,518.67,643.41,1600.64,1422.09,14.62,21.61,552.04,2388.17,9095.83,1.3,48.17,519.79,2388.21,8164.61,8.4886,0.03,395,2388,100.0,38.5,23.1171
52,205,0.0029,0.0002,100.0,518.67,643.51,1598.22,1427.11,14.62,21.61,551.64,2388.2,9103.0,1.3,48.09,520.07,2388.16,8173.82,8.503,0.03,397,2388,100.0,38.38,23.0776
52,206,0.0017,0.0005,100.0,518.67,643.82,1595.32,1427.64,14.62,21.61,551.14,2388.19,9103.17,1.3,48.29,519.85,2388.2,8172.94,8.5414,0.03,396,2388,100.0,38.32,23.1135
52,207,0.0027,0.0002,100.0,518.67,643.8,1606.58,1436.86,14.62,21.61,551.45,2388.21,9100.06,1.3,48.18,520.52,2388.2,8172.4,8.5298,0.03,396,2388,100.0,38.62,23.0372
52,208,0.0018,0.0004,100.0,518.67,643.66,1603.87,1423.12,14.62,21.61,552.23,2388.19,9107.39,1.3,48.03,520.35,2388.17,8179.97,8.5365,0.03,396,2388,100.0,38.52,23.1414
52,209,-0.0004,-0.0001,100.0,518.67,643.61,1604.1,1429.91,14.62,21.61,551.25,2388.2,9107.12,1.3,48.2,519.68,2388.23,8176.82,8.5502,0.03,398,2388,100.0,38.45,22.9884
52,210,0.0016,-0.0004,100.0,518.67,643.45,1605.72,1427.91,14.62,21.61,551.25,2388.26,9106.14,1.3,48.05,519.87,2388.2,8179.78,8.5218,0.03,399,2388,100.0,38.33,23.0421
52,211,0.0019,-0.0,100.0,518.67,643.37,1606.32,1432.81,14.62,21.61,551.4,2388.22,9109.17,1.3,48.17,519.51,2388.21,8176.87,8.5256,0.03,396,2388,100.0,38.43,23.0116
52,212,-0.0037,-0.0002,100.0,518.67,644.29,1602.27,1421.12,14.62,21.61,551.24,2388.2,9115.67,1.3,48.2,519.92,2388.2,8177.88,8.4894,0.03,396,2388,100.0,38.41,23.1275
52,213,-0.0017,-0.0005,100.0,518.67,643.67,1601.99,1436.34,14.62,21.61,552.28,2388.18,9119.4,1.3,48.18,519.23,2388.21,8181.73,8.5159,0.03,397,2388,100.0,38.35,23.015
77,1,-0.0014,0.0004,100.0,518.67,642.62,1591.75,1411.32,14.62,21.61,553.71,2388.07,9052.57,1.3,47.55,521.45,2388.1,8126.56,8.4655,0.03,392,2388,100.0,38.92,23.2762
77,2,-0.0004,0.0004,100.0,518.67,642.46,1591.88,1406.97,14.62,21.61,553.44,2388.13,9043.86,1.3,47.3,521.67,2388.1,8127.46,8.4789,0.03,392,2388,100.0,38.88,23.2764
77,3,0.0042,0.0,100.0,518.67,641.78,1585.31,1400.54,14.62,21.61,553.67,2388.12,9051.11,1.3,47.39,521.46,2388.09,8125.17,8.435,0.03,394,2388,100.0,38.82,23.2387
77,4,0.0027,-0.0003,100.0,518.67,642.71,1592.71,1410.04,14.62,21.61,553.22,2388.13,9050.29,1.3,47.38,521.28,2388.14,8131.03,8.4365,0.03,393,2388,100.0,38.79,23.4034
77,5,-0.0001,0.0004,100.0,518.67,642.09,1587.59,1405.8,14.62,21.61,553.73,2388.1,9048.07,1.3,47.56,521.67,2388.11,8130.0,8.4685,0.03,391,2388,100.0,38.8,23.3085
77,6,0.0037,0.0001,100.0,518.67,642.85,1586.86,1405.66,14.62,21.61,553.39,2388.11,9051.76,1.3,47.5,521.45,2388.12,8127.13,8.4695,0.03,392,2388,100.0,38.83,23.2958
77,7,-0.0003,-0.0001,100.0,518.67,642.26,1583.78,1417.79,14.62,21.61,553.33,2388.06,9047.15,1.3,47.54,522.18,2388.11,8129.73,8.4786,0.03,393,2388,100.0,38.85,23.3976
77,8,0.0001,-0.0,100.0,518.67,642.4,1587.29,1405.13,14.62,21.61,553.6,2388.11,9045.31,1.3,47.56,522.0,2388.1,8131.74,8.4239,0.03,393,2388,100.0,38.93,23.3802
77,9,0.0044,0.0001,100.0,518.67,642.72,1589.08,1407.47,14.62,21.61,554.43,2388.07,9051.04,1.3,47.53,521.41,2388.1,8128.44,8.4484,0.03,392,2388,100.0,39.04,23.3733
77,10,0.002,-0.0004,100.0,518.67,642.83,1584.97,1407.97,14.62,21.61,553.87,2388.06,9044.83,1.3,47.32,520.77,2388.1,8125.32,8.4271,0.03,392,2388,100.0,38.77,23.355
77,11,0.0017,0.0004,100.0,518.67,643.13,1582.29,1407.13,14.62,21.61,553.11,2388.07,9040.34,1.3,47.36,521.24,2388.05,8129.87,8.4378,0.03,392,2388,100.0,38.77,23.2824
77,12,0.0027,0.0,100.0,518.67,642.3,1591.82,1406.0,14.62,21.61,553.9,2388.09,9049.8,1.3,47.34,522.05,2388.09,8127.33,8.429,0.03,391,2388,100.0,38.89,23.1751
77,13,0.0002,0.0004,100.0,518.67,642.12,1588.45,1402.71,14.62,21.61,554.04,2388.13,9044.83,1.3,47.48,521.35,2388.12,8126.64,8.4269,0.03,393,2388,100.0,38.93,23.1822
77,14,-0.0027,-0.0003,100.0,518.67,642.69,1590.52,1406.71,14.62,21.61,553.95,2388.17,9047.87,1.3,47.58,521.86,2388.1,8129.32,8.4128,0.03,391,2388,100.0,38.96,23.3022
77,15,-0.002,-0.0001,100.0,518.67,642.65,1587.02,1404.48,14.62,21.61,553.34,2388.09,9048.41,1.3,47.54,521.54,2388.1,8129.26,8.4149,0.03,392,2388,100.0,38.66,23.4028
77,16,0.0039,-0.0002,100.0,518.67,642.6,1583.71,1400.29,14.62,21.61,553.12,2388.14,9042.89,1.3,47.5,522.24,2388.07,8124.24,8.413,0.03,394,2388,100.0,38.98,23.4181
77,17,-0.0028,0.0003,100.0,518.67,642.83,1586.01,1406.36,14.62,21.61,553.7,2388.1,9049.88,1.3,47.46,521.05,2388.11,8129.36,8.4723,0.03,391,2388,100.0,38.78,23.3913
77,18,0.0027,-0.0003,100.0,518.67,642.29,1585.14,1402.4,14.62,21.61,553.36,2388.13,9055.48,1.3,47.65,521.34,2388.13,8132.27,8.4454,0.03,392,2388,100.0,39.08,23.3572
77,19,0.0021,-0.0,100.0,518.67,642.3,1583.71,1404.29,14.62,21.61,553.73,2388.05,9049.56,1.3,47.6,522.04,2388.08,8126.84,8.4475,0.03,392,2388,100.0,38.75,23.2646
77,20,0.0018,-0.0003,100.0,518.67,642.78,1586.51,1406.3,14.62,21.61,553.37,2388.15,9038.78,1.3,47.48,521.77,2388.09,8123.73,8.4324,0.03,393,2388,100.0,38.81,23.3789
77,21,-0.0016,0.0004,100.0,518.67,642.48,1586.09,1409.51,14.62,21.61,553.29,2388.07,9038.91,1.3,47.44,522.01,2388.07,8129.25,8.441,0.03,392,2388,100.0,38.88,23.3958
77,22,0.0004,0.0004,100.0,518.67,642.65,1589.23,1401.52,14.62,21.61,553.65,2388.07,9053.88,1.3,47.53,521.79,2388.05,8128.52,8.4108,0.03,393,2388,100.0,38.74,23.2414
77,23,-0.0003,0.0003,100.0,518.67,642.91,1594.68,1405.51,14.62,21.6,553.13,2388.11,9046.99,1.3,47.66,521.29,2388.1,8125.18,8.4833,0.03,394,2388,100.0,38.73,23.3472
77,24,-0.0002,0.0001,100.0,518.67,642.78,1589.04,1401.67,14.62,21.61,553.64,2388.14,9043.07,1.3,47.48,521.92,2388.13,8131.86,8.423,0.03,394,2388,100.0,38.89,23.2798
77,25,-0.0036,0.0001,100.0,518.67,642.53,1588.28,1409.97,14.62,21.61,553.94,2388.1,9046.35,1.3,47.46,521.83,2388.16,8127.14,8.4108,0.03,393,2388,100.0,38.81,23.309
77,26,-0.0041,0.0002,100.0,518.67,642.75,1590.76,1408.38,14.62,21.61,553.24,2388.09,9045.25,1.3,47.25,521.39,2388.13,8126.68,8.4172,0.03,392,2388,100.0,38.62,23.2673
77,27,0.0024,0.0001,100.0,518.67,642.43,1581.6,1403.69,14.62,21.61,553.03,2388.09,9051.98,1.3,47.58,521.32,2388.11,8125.36,8.4347,0.03,393,2388,100.0,38.93,23.3573
77,28,-0.0002,-0.0002,100.0,518.67,642.81,1591.61,1411.83,14.62,21.61,553.3,2388.08,9048.07,1.3,47.58,521.14,2388.12,8125.18,8.4303,0.03,393,2388,100.0,38.73,23.3459
77,29,-0.0031,0.0003,100.0,518.67,642.53,1591.34,1406.42,14.62,21.61,553.21,2388.13,9046.96,1.3,47.84,521.6,2388.11,8132.19,8.4392,0.03,393,2388,100.0,38.84,23.3505
77,30,0.0045,0.0003,100.0,518.67,642.64,1590.8,1408.42,14.62,21.61,553.13,2388.11,9041.08,1.3,47.47,521.88,2388.14,8129.32,8.4126,0.03,393,2388,100.0,38.83,23.329
77,31,0.0022,-0.0,100.0,518.67,642.86,1584.4,1410.95,14.62,21.61,554.48,2388.13,9048.44,1.3,47.48,521.42,2388.12,8125.14,8.4283,0.03,392,2388,100.0,38.8,23.3948
77,32,0.0002,-0.0004,100.0,518.67,642.58,1590.54,1409.97,14.62,21.61,553.79,2388.12,9047.25,1.3,47.47,521.48,2388.07,8127.97,8.4217,0.03,393,2388,100.0,38.82,23.3847
77,33,-0.0035,-0.0001,100.0,518.67,643.09,1592.54,1413.26,14.62,21.61,553.28,2388.1,9053.43,1.3,47.48,521.15,2388.15,8125.16,8.441,0.03,393,2388,100.0,38.51,23.2458
77,34,0.0011,0.0002,100.0,518.67,642.57,1586.78,1412.17,14.62,21.61,553.07,2388.11,9049.14,1.3,47.57,522.17,2388.11,8127.88,8.4323,0.03,393,2388,100.0,38.62,23.2752
77,35,0.0002,-0.0002,100.0,518.67,643.15,1583.88,1411.6,14.62,21.61,553.37,2388.1,9045.88,1.3,47.45,521.05,2388.16,8128.89,8.3685,0.03,395,2388,100.0,39.04,23.1706
77,36,-0.0035,-0.0001,100.0,518.67,642.86,1594.03,1407.96,14.62,21.61,553.37,2388.11,9053.23,1.3,47.52,521.73,2388.16,8129.77,8.4388,0.03,393,2388,100.0,38.79,23.3143
77,37,0.0008,-0.0004,100.0,518.67,642.86,1587.77,1407.27,14.62,21.61,553.79,2388.1,9051.84,1.3,47.39,521.22,2388.09,8128.76,8.4148,0.03,393,2388,100.0,38.83,23.3281
77,38,0.0008,0.0003,100.0,518.67,642.72,1597.55,1405.38,14.62,21.61,553.7,2388.17,9048.64,1.3,47.51,521.46,2388.08,8130.26,8.4451,0.03,394,2388,100.0,38.79,23.295
77,39,-0.0007,0.0004,100.0,518.67,642.61,1593.84,1404.44,14.62,21.61,553.46,2388.16,9043.12,1.3,47.61,520.93,2388.14,8127.77,8.435,0.03,392,2388,100.0,38.96,23.3754
77,40,-0.0027,-0.0001,100.0,518.67,642.44,1591.76,1414.29,14.62,21.61,554.06,2388.13,9048.97,1.3,47.3,521.17,2388.11,8129.89,8.4554,0.03,393,2388,100.0,38.79,23.3284
77,41,-0.0018,0.0003,100.0,518.67,642.88,1587.79,1411.2,14.62,21.61,553.64,2388.12,9042.76,1.3,47.61,521.45,2388.12,8128.33,8.4518,0.03,392,2388,100.0,38.79,23.2787
77,42,0.002,0.0002,100.0,518.67,642.37,1591.22,1413.4,14.62,21.61,553.38,2388.1,9046.55,1.3,47.3,521.49,2388.09,8129.82,8.4026,0.03,393,2388,100.0,38.85,23.3589
77,43,-0.0019,-0.0002,100.0,518.67,642.08,1589.69,1407.35,14.62,21.61,553.46,2388.1,9051.92,1.3,47.4,521.4,2388.09,8131.22,8.424,0.03,393,2388,100.0,38.95,23.2972
77,44,-0.0031,-0.0003,100.0,518.67,642.44,1587.27,1410.17,14.62,21.61,553.34,2388.1,9047.4,1.3,47.49,521.79,2388.13,8128.11,8.4046,0.03,393,2388,100.0,38.91,23.2408
77,45,-0.0033,0.0004,100.0,518.67,642.74,1587.64,1402.95,14.62,21.61,553.49,2388.11,9044.43,1.3,47.66,521.0,2388.1,8132.36,8.4377,0.03,393,2388,100.0,38.84,23.261
77,46,-0.0012,-0.0005,100.0,518.67,642.68,1582.92,1409.79,14.62,21.61,553.86,2388.12,9052.99,1.3,47.49,521.38,2388.1,8130.63,8.4281,0.03,392,2388,100.0,38.7,23.3302
77,47,-0.0024,0.0003,100.0,518.67,642.47,1583.7,1409.03,14.62,21.61,553.14,2388.12,9038.29,1.3,47.47,521.17,2388.13,8132.26,8.4475,0.03,392,2388,100.0,38.86,23.3859
77,48,0.0022,-0.0005,100.0,518.67,642.42,1597.41,1410.16,14.62,21.61,553.18,2388.06,9054.29,1.3,47.57,521.4,2388.1,8122.84,8.43,0.03,394,2388,100.0,38.84,23.1625
77,49,-0.0036,-0.0002,100.0,518.67,642.48,1580.52,1403.2,14.62,21.61,553.46,2388.1,9056.41,1.3,47.49,521.0,2388.06,8133.78,8.4468,0.03,393,2388,100.0,38.76,23.2819
77,50,0.0027,-0.0001,100.0,518.67,642.82,1589.72,1409.9,14.62,21.61,553.86,2388.13,9045.49,1.3,47.47,521.17,2388.1,8130.52,8.471,0.03,391,2388,100.0,39.05,23.4174
77,51,-0.0018,-0.0003,100.0,518.67,642.27,1588.62,1409.17,14.62,21.61,553.42,2388.16,9046.56,1.3,47.67,521.7,2388.08,8124.53,8.4048,0.03,391,2388,100.0,38.87,23.3369
77,52,-0.0007,0.0,100.0,518.67,642.49,1582.17,1408.6,14.62,21.61,552.97,2388.16,9048.86,1.3,47.46,521.63,2388.15,8127.07,8.4623,0.03,394,2388,100.0,38.81,23.3384
77,53,0.0026,0.0003,100.0,518.67,642.44,1596.23,1400.69,14.62,21.61,553.8,2388.15,9052.42,1.3,47.61,521.75,2388.15,8129.98,8.4371,0.03,394,2388,100.0,38.93,23.2566
77,54,-0.0024,-0.0005,100.0,518.67,642.93,1591.77,1415.77,14.62,21.61,552.87,2388.1,9047.56,1.3,47.29,521.22,2388.11,8130.84,8.4356,0.03,392,2388,100.0,39.0,23.3543
77,55,0.0015,0.0003,100.0,518.67,642.2,1594.71,1405.16,14.62,21.61,553.43,2388.11,9043.52,1.3,47.68,521.55,2388.14,8122.49,8.475,0.03,392,2388,100.0,38.92,23.2863
77,56,-0.0009,0.0001,100.0,518.67,642.37,1588.1,1405.53,14.62,21.61,553.31,2388.09,9038.23,1.3,47.47,521.71,2388.11,8130.7,8.4175,0.03,393,2388,100.0,38.94,23.2648
77,57,-0.0013,-0.0001,100.0,518.67,642.13,1583.93,1408.03,14.62,21.61,553.4,2388.1,9053.14,1.3,47.5,521.83,2388.11,8126.8,8.4475,0.03,392,2388,100.0,38.95,23.3684
77,58,-0.0003,0.0002,100.0,518.67,642.84,1598.44,1410.33,14.62,21.61,553.64,2388.13,9043.84,1.3,47.53,521.34,2388.15,8130.45,8.3891,0.03,394,2388,100.0,38.9,23.2831
77,59,0.0,0.0001,100.0,518.67,642.95,1590.79,1414.84,14.62,21.61,553.34,2388.11,9048.92,1.3,47.55,521.14,2388.11,8133.0,8.4291,0.03,392,2388,100.0,38.83,23.4754
77,60,-0.0012,0.0003,100.0,518.67,642.97,1589.3,1411.12,14.62,21.61,553.26,2388.12,9051.33,1.3,47.57,522.08,2388.11,8126.5,8.4331,0.03,395,2388,100.0,38.8,23.1977
77,61,-0.002,0.0,100.0,518.67,642.75,1585.58,1407.62,14.62,21.61,554.26,2388.15,9059.93,1.3,47.58,521.56,2388.11,8126.26,8.4144,0.03,394,2388,100.0,38.61,23.0833
77,62,-0.0027,-0.0004,100.0,518.67,642.47,1588.19,1404.54,14.62,21.61,553.36,2388.05,9046.8,1.3,47.41,521.53,2388.08,8134.25,8.4303,0.03,394,2388,100.0,38.71,23.2392
77,63,-0.005,-0.0005,100.0,518.67,642.97,1585.94,1411.6,14.62,21.61,552.87,2388.09,9047.21,1.3,47.45,521.11,2388.1,8128.25,8.4202,0.03,393,2388,100.0,38.98,23.268
77,64,0.0005,-0.0005,100.0,518.67,642.98,1586.2,1408.5,14.62,21.61,553.36,2388.13,9048.87,1.3,47.59,521.48,2388.14,8124.09,8.4573,0.03,392,2388,100.0,38.62,23.2905
77,65,0.0015,0.0005,100.0,518.67,642.57,1588.21,1407.15,14.62,21.61,553.51,2388.08,9050.16,1.3,47.42,521.53,2388.18,8127.03,8.4491,0.03,393,2388,100.0,38.94,23.3022
77,66,-0.0019,-0.0003,100.0,518.67,642.62,1587.43,1403.97,14.62,21.61,552.97,2388.14,9047.37,1.3,47.4,521.79,2388.14,8126.05,8.4276,0.03,393,2388,100.0,38.74,23.2277
77,67,0.0004,0.0001,100.0,518.67,642.73,1583.73,1400.57,14.62,21.61,552.59,2388.13,9048.95,1.3,47.48,521.25,2388.14,8127.39,8.4337,0.03,394,2388,100.0,38.71,23.2643
77,68,-0.0049,0.0002,100.0,518.67,643.13,1592.02,1409.43,14.62,21.61,553.16,2388.12,9049.47,1.3,47.54,520.89,2388.18,8125.26,8.4225,0.03,394,2388,100.0,38.86,23.3131
77,69,-0.0017,-0.0005,100.0,518.67,642.85,1592.74,1415.08,14.62,21.61,553.67,2388.12,9059.37,1.3,47.66,520.94,2388.15,8128.6,8.4488,0.03,393,2388,100.0,38.71,23.3626
77,70,-0.0001,0.0001,100.0,518.67,642.72,1589.98,1404.1,14.62,21.61,552.87,2388.13,9043.37,1.3,47.51,520.97,2388.09,8126.36,8.4139,0.03,393,2388,100.0,38.61,23.3068
77,71,-0.0021,-0.0005,100.0,518.67,642.39,1587.44,1410.37,14.62,21.61,553.86,2388.13,9037.91,1.3,47.47,521.82,2388.1,8133.61,8.4402,0.03,394,2388,100.0,38.88,23.3426
77,72,0.001,0.0004,100.0,518.67,642.67,1593.31,1407.45,14.62,21.61,553.73,2388.13,9057.47,1.3,47.51,520.63,2388.14,8135.84,8.4475,0.03,395,2388,100.0,38.85,23.1779
77,73,-0.0019,0.0001,100.0,518.67,642.68,1591.07,1406.97,14.62,21.61,553.35,2388.07,9050.25,1.3,47.39,522.19,2388.11,8128.17,8.4263,0.03,393,2388,100.0,38.59,23.2978
77,74,0.0023,-0.0005,100.0,518.67,642.39,1588.72,1406.81,14.62,21.61,552.85,2388.15,9047.66,1.3,47.56,521.19,2388.11,8127.61,8.4572,0.03,391,2388,100.0,38.66,23.3184
77,75,0.0026,-0.0005,100.0,518.67,642.6,1585.52,1408.78,14.62,21.61,552.81,2388.16,9049.9,1.3,47.66,521.09,2388.12,8129.8,8.4308,0.03,394,2388,100.0,38.88,23.2415
77,76,-0.0009,-0.0003,100.0,518.67,642.63,1590.84,1408.48,14.62,21.61,553.0,2388.12,9043.37,1.3,47.56,521.92,2388.12,8125.5,8.4614,0.03,394,2388,100.0,38.64,23.2522
77,77,-0.0018,0.0003,100.0,518.67,642.29,1595.03,1410.47,14.62,21.61,553.14,2388.14,9054.59,1.3,47.5,521.4,2388.14,8134.47,8.4462,0.03,394,2388,100.0,39.01,23.2614
77,78,0.0008,0.0003,100.0,518.67,643.19,1597.73,1410.18,14.62,21.61,553.35,2388.1,9051.39,1.3,47.62,521.33,2388.12,8131.49,8.4136,0.03,395,2388,100.0,38.82,23.2295
77,79,0.0061,0.0002,100.0,518.67,642.43,1594.06,1413.98,14.62,21.61,553.05,2388.15,9050.49,1.3,47.57,521.16,2388.15,8134.9,8.4623,0.03,394,2388,100.0,38.8,23.33
77,80,-0.0003,0.0003,100.0,518.67,643.81,1583.38,1408.73,14.62,21.61,552.61,2388.14,9048.86,1.3,47.66,521.35,2388.17,8128.71,8.4462,0.03,392,2388,100.0,38.91,23.1968
77,81,0.0015,-0.0004,100.0,518.67,642.81,1585.68,1410.62,14.62,21.61,553.67,2388.08,9052.18,1.3,47.6,521.36,2388.18,8131.46,8.4422,0.03,392,2388,100.0,38.91,23.2506
77,82,0.0001,0.0,100.0,518.67,642.3,1590.81,1408.56,14.62,21.61,552.84,2388.15,9047.23,1.3,47.55,521.53,2388.14,8133.45,8.4049,0.03,392,2388,100.0,38.72,23.2538
77,83,-0.0013,-0.0003,100.0,518.67,643.13,1577.92,1413.41,14.62,21.61,553.68,2388.14,9046.2,1.3,47.55,521.64,2388.14,8130.09,8.451,0.03,393,2388,100.0,38.92,23.2085
77,84,-0.0035,0.0003,100.0,518.67,642.88,1589.73,1411.57,14.62,21.61,552.82,2388.17,9049.31,1.3,47.42,521.48,2388.11,8136.19,8.4467,0.03,393,2388,100.0,38.71,23.2559
77,85,-0.0003,0.0004,100.0,518.67,642.85,1582.0,1414.03,14.62,21.61,552.85,2388.13,9052.55,1.3,47.48,521.3,2388.09,8134.64,8.434,0.03,393,2388,100.0,38.83,23.3199
77,86,-0.0026,0.0002,100.0,518.67,643.33,1592.79,1414.83,14.62,21.61,552.99,2388.15,9048.4,1.3,47.26,521.28,2388.16,8126.46,8.4295,0.03,394,2388,100.0,38.89,23.2344
77,87,-0.0039,-0.0005,100.0,518.67,642.52,1591.29,1410.93,14.62,21.61,553.65,2388.16,9050.5,1.3,47.49,521.34,2388.13,8127.18,8.4526,0.03,395,2388,100.0,38.82,23.2805
77,88,0.0019,-0.0004,100.0,518.67,643.05,1586.76,1411.6,14.62,21.61,552.88,2388.14,9044.05,1.3,47.56,521.89,2388.15,8128.51,8.455,0.03,393,2388,100.0,38.87,23.1114
77,89,-0.0054,0.0003,100.0,518.67,642.23,1595.81,1416.13,14.62,21.61,553.01,2388.17,9050.62,1.3,47.55,521.37,2388.11,8126.2,8.4701,0.03,395,2388,100.0,38.72,23.2725
77,90,0.0023,0.0001,100.0,518.67,642.68,1596.51,1411.4,14.62,21.61,553.13,2388.11,9058.56,1.3,47.52,521.87,2388.06,8135.04,8.4489,0.03,393,2388,100.0,38.85,23.2674
77,91,-0.0037,-0.0001,100.0,518.67,642.79,1591.8,1410.94,14.62,21.61,552.69,2388.19,9059.03,1.3,47.43,521.39,2388.19,8133.14,8.4421,0.03,393,2388,100.0,38.69,23.2535
77,92,0.0022,0.0004,100.0,518.67,642.93,1590.2,1410.71,14.62,21.61,553.31,2388.15,9046.56,1.3,47.59,521.24,2388.17,8133.08,8.4194,0.03,392,2388,100.0,38.78,23.3732
77,93,0.0014,0.0003,100.0,518.67,642.94,1591.57,1416.97,14.62,21.61,552.65,2388.13,9052.23,1.3,47.66,521.84,2388.11,8132.58,8.4608,0.03,394,2388,100.0,38.64,23.2091
77,94,0.0021,-0.0001,100.0,518.67,642.91,1596.19,1412.86,14.62,21.61,553.63,2388.16,9052.06,1.3,47.7,520.57,2388.15,8132.66,8.466,0.03,395,2388,100.0,38.87,23.2291
77,95,-0.0023,0.0001,100.0,518.67,643.66,1596.08,1413.47,14.62,21.61,553.26,2388.1,9061.09,1.3,47.76,520.88,2388.17,8135.11,8.4564,0.03,394,2388,100.0,38.63,23.2428
77,96,0.0011,0.0001,100.0,518.67,642.85,1588.31,1410.49,14.62,21.61,553.14,2388.14,9054.12,1.3,47.64,521.43,2388.13,8129.89,8.4781,0.03,395,2388,100.0,38.46,23.3453
77,97,0.0015,-0.0004,100.0,518.67,643.2,1591.43,1415.41,14.62,21.61,553.11,2388.16,9055.91,1.3,47.65,520.78,2388.12,8134.69,8.4438,0.03,393,2388,100.0,38.86,23.3717
77,98,-0.0005,0.0,100.0,518.67,643.21,1591.89,1410.02,14.62,21.61,552.55,2388.12,9054.4,1.3,47.86,520.78,2388.13,8133.82,8.4574,0.03,394,2388,100.0,38.74,23.3392
77,99,-0.0037,-0.0003,100.0,518.67,642.69,1593.86,1419.78,14.62,21.61,552.27,2388.1,9049.52,1.3,47.92,521.42,2388.16,8127.02,8.4468,0.03,392,2388,100.0,38.75,23.1453
77,100,-0.0028,0.0001,100.0,518.67,642.58,1591.63,1408.58,14.62,21.61,553.27,2388.15,9059.1,1.3,48.0,521.16,2388.15,8135.8,8.4518,0.03,392,2388,100.0,38.59,23.2791
77,101,-0.0003,0.0,100.0,518.67,643.13,1588.67,1418.41,14.62,21.61,553.54,2388.14,9051.04,1.3,47.55,520.99,2388.13,8129.94,8.4546,0.03,394,2388,100.0,38.67,23.1787
77,102,-0.0002,0.0,100.0,518.67,642.87,1589.1,1407.1,14.62,21.61,552.9,2388.13,9058.88,1.3,47.56,520.89,2388.12,8133.96,8.4667,0.03,394,2388,100.0,38.81,23.3418
77,103,-0.0,-0.0003,100.0,518.67,642.8,1593.24,1418.63,14.62,21.61,552.53,2388.16,9058.55,1.3,47.63,521.58,2388.13,8131.86,8.4544,0.03,393,2388,100.0,38.75,23.3725
77,104,-0.0018,-0.0003,100.0,518.67,642.61,1593.13,1412.38,14.62,21.61,553.06,2388.18,9060.97,1.3,47.43,521.38,2388.12,8127.62,8.4264,0.03,392,2388,100.0,38.59,23.2386
77,105,-0.0012,0.0003,100.0,518.67,642.89,1598.96,1410.11,14.62,21.61,552.9,2388.15,9062.35,1.3,47.57,520.79,2388.15,8135.49,8.4865,0.03,394,2388,100.0,38.48,23.2111
77,106,0.0009,-0.0004,100.0,518.67,642.87,1594.48,1413.62,14.62,21.61,552.58,2388.16,9054.53,1.3,47.52,520.94,2388.14,8137.62,8.4716,0.03,393,2388,100.0,38.67,23.3073
77,107,0.0043,0.0002,100.0,518.67,642.78,1596.86,1416.49,14.62,21.61,552.73,2388.13,9051.31,1.3,47.65,521.74,2388.14,8129.71,8.4984,0.03,395,2388,100.0,38.69,23.2329
77,108,0.0021,0.0001,100.0,518.67,642.97,1584.63,1413.1,14.62,21.61,553.14,2388.15,9051.31,1.3,47.72,521.09,2388.1,8130.85,8.4792,0.03,392,2388,100.0,38.78,23.2998
77,109,0.0016,0.0002,100.0,518.67,642.78,1590.58,1414.81,14.62,21.61,551.93,2388.21,9054.3,1.3,47.68,521.34,2388.14,8129.73,8.4544,0.03,394,2388,100.0,38.61,23.1994
77,110,0.0034,-0.0004,100.0,518.67,643.02,1592.21,1410.16,14.62,21.61,552.59,2388.16,9053.16,1.3,47.58,520.94,2388.08,8135.14,8.4558,0.03,394,2388,100.0,38.76,23.2266
77,111,0.002,-0.0001,100.0,518.67,642.9,1598.66,1413.97,14.62,21.61,552.21,2388.14,9057.46,1.3,47.63,520.96,2388.15,8129.16,8.4689,0.03,395,2388,100.0,38.72,23.2498
77,112,-0.0025,0.0003,100.0,518.67,643.05,1592.8,1409.7,14.62,21.61,552.73,2388.18,9053.4,1.3,47.69,521.27,2388.1,8133.61,8.4473,0.03,394,2388,100.0,38.92,23.2031
77,113,-0.0026,-0.0003,100.0,518.67,643.13,1595.98,1420.67,14.62,21.61,552.87,2388.24,9057.16,1.3,47.93,520.65,2388.19,8137.01,8.4711,0.03,395,2388,100.0,38.74,23.2162
77,114,-0.0015,-0.0001,100.0,518.67,643.29,1587.44,1411.73,14.62,21.61,553.81,2388.15,9056.06,1.3,47.73,520.74,2388.13,8134.99,8.4742,0.03,393,2388,100.0,38.55,23.3422
77,115,0.0059,0.0004,100.0,518.67,642.53,1593.62,1418.29,14.62,21.61,553.38,2388.12,9060.76,1.3,47.64,520.43,2388.14,8140.01,8.4364,0.03,394,2388,100.0,38.64,23.2204
77,116,0.0022,-0.0002,100.0,518.67,642.97,1587.52,1411.88,14.62,21.61,552.13,2388.19,9060.42,1.3,47.67,521.05,2388.15,8133.11,8.487,0.03,394,2388,100.0,38.54,23.2477
77,117,-0.0004,-0.0004,100.0,518.67,643.32,1590.98,1420.44,14.62,21.61,553.16,2388.18,9060.3,1.3,47.64,519.82,2388.17,8134.6,8.4641,0.03,393,2388,100.0,38.59,23.1911
77,118,-0.0027,0.0004,100.0,518.67,643.37,1601.89,1410.66,14.62,21.61,552.01,2388.15,9059.95,1.3,47.88,520.94,2388.12,8134.64,8.4651,0.03,395,2388,100.0,38.82,23.1519
77,119,0.0014,0.0003,100.0,518.67,643.05,1592.65,1420.46,14.62,21.61,553.13,2388.14,9061.23,1.3,47.71,521.21,2388.16,8132.12,8.4747,0.03,394,2388,100.0,38.81,23.2016
77,120,0.0015,0.0004,100.0,518.67,643.01,1595.5,1409.15,14.62,21.61,552.21,2388.22,9052.98,1.3,47.75,521.34,2388.13,8131.6,8.4541,0.03,394,2388,100.0,38.66,23.1672
77,121,0.0013,0.0002,100.0,518.67,643.01,1588.1,1419.72,14.62,21.61,552.49,2388.17,9057.49,1.3,47.93,520.6,2388.13,8137.39,8.4468,0.03,393,2388,100.0,38.73,23.1984
77,122,-0.0038,-0.0003,100.0,518.67,642.9,1594.92,1412.66,14.62,21.61,552.75,2388.19,9062.93,1.3,47.67,520.28,2388.21,8135.36,8.4789,0.03,393,2388,100.0,38.7,23.172
77,123,-0.0003,-0.0,100.0,518.67,643.04,1589.03,1416.1,14.62,21.61,553.6,2388.18,9063.49,1.3,47.74,520.75,2388.16,8140.02,8.4533,0.03,393,2388,100.0,38.56,23.2158
77,124,0.0024,-0.0003,100.0,518.67,643.03,1590.52,1416.74,14.62,21.61,552.41,2388.19,9059.84,1.3,47.89,520.69,2388.19,8135.14,8.4787,0.03,393,2388,100.0,38.77,23.1952
77,125,0.0008,0.0,100.0,518.67,643.06,1599.57,1418.51,14.62,21.61,552.11,2388.23,9061.21,1.3,47.81,520.37,2388.2,8139.7,8.4794,0.03,393,2388,100.0,38.54,23.2455
77,126,-0.0021,-0.0003,100.0,518.67,642.93,1593.37,1417.47,14.62,21.61,552.5,2388.18,9059.33,1.3,47.87,520.86,2388.18,8140.62,8.4454,0.03,394,2388,100.0,38.8,23.166
77,127,-0.0034,-0.0003,100.0,518.67,643.48,1592.36,1424.27,14.62,21.61,552.78,2388.18,9052.08,1.3,47.79,520.35,2388.22,8135.83,8.4995,0.03,395,2388,100.0,38.9,23.2057
77,128,-0.0045,-0.0002,100.0,518.67,643.2,1599.17,1421.89,14.62,21.61,552.47,2388.14,9063.91,1.3,47.77,520.38,2388.19,8135.47,8.4873,0.03,394,2388,100.0,38.53,23.1953
77,129,-0.0021,0.0001,100.0,518.67,643.55,1590.15,1417.15,14.62,21.61,552.49,2388.16,9063.9,1.3,47.87,520.03,2388.16,8142.11,8.5181,0.03,396,2388,100.0,38.85,23.1989
77,130,-0.0023,0.0001,100.0,518.67,643.02,1595.82,1422.54,14.62,21.61,552.46,2388.18,9068.36,1.3,47.84,520.43,2388.13,8141.41,8.4626,0.03,396,2388,100.0,38.83,23.1767
77,131,-0.0,0.0001,100.0,518.67,643.06,1596.61,1412.71,14.62,21.61,552.04,2388.16,9061.24,1.3,47.86,520.99,2388.2,8140.25,8.4882,0.03,395,2388,100.0,38.74,23.3388
77,132,0.0012,-0.0004,100.0,518.67,643.38,1602.24,1420.27,14.62,21.61,552.66,2388.19,9062.0,1.3,48.0,520.19,2388.22,8142.13,8.487,0.03,395,2388,100.0,38.52,23.1739
77,133,0.0032,-0.0005,100.0,518.67,643.06,1590.19,1418.03,14.62,21.61,551.9,2388.17,9062.99,1.3,47.65,520.73,2388.14,8134.1,8.5025,0.03,396,2388,100.0,38.42,23.147
77,134,0.0006,0.0002,100.0,518.67,643.66,1595.34,1417.9,14.62,21.61,552.93,2388.19,9067.22,1.3,47.92,520.61,2388.14,8138.58,8.4781,0.03,394,2388,100.0,38.77,23.1558
77,135,0.0007,0.0004,100.0,518.67,643.37,1592.53,1419.16,14.62,21.61,552.18,2388.18,9055.96,1.3,47.93,520.48,2388.21,8134.54,8.5044,0.03,396,2388,100.0,38.64,23.1469
77,136,-0.0018,0.0002,100.0,518.67,643.98,1591.07,1409.57,14.62,21.61,552.29,2388.21,9064.23,1.3,48.0,520.1,2388.23,8136.58,8.4964,0.03,396,2388,100.0,38.7,23.1985
77,137,-0.005,-0.0004,100.0,518.67,642.93,1606.2,1417.29,14.62,21.61,551.79,2388.21,9061.16,1.3,47.97,520.51,2388.24,8136.32,8.4975,0.03,395,2388,100.0,38.56,23.1274
77,138,0.0025,0.0004,100.0,518.67,643.14,1608.28,1419.0,14.62,21.61,552.45,2388.17,9071.95,1.3,47.83,520.49,2388.2,8140.63,8.5129,0.03,396,2388,100.0,38.52,23.1556
77,139,-0.0047,-0.0005,100.0,518.67,643.41,1601.91,1419.03,14.62,21.61,551.99,2388.21,9065.21,1.3,47.95,520.67,2388.19,8139.01,8.4958,0.03,394,2388,100.0,38.5,23.0929
77,140,0.0024,-0.0002,100.0,518.67,643.24,1596.97,1423.24,14.62,21.61,551.9,2388.22,9074.99,1.3,47.97,520.29,2388.18,8143.94,8.5246,0.03,395,2388,100.0,38.54,23.0823
77,141,0.0007,-0.0004,100.0,518.67,643.09,1602.25,1416.6,14.62,21.61,551.73,2388.21,9062.39,1.3,47.86,520.26,2388.17,8145.57,8.4908,0.03,396,2388,100.0,38.66,23.0397
77,142,0.0013,0.0001,100.0,518.67,643.02,1593.8,1426.77,14.62,21.61,551.85,2388.22,9074.13,1.3,47.91,520.27,2388.21,8144.85,8.4793,0.03,395,2388,100.0,38.64,23.1973
77,143,0.0017,0.0,100.0,518.67,643.27,1606.55,1421.85,14.62,21.61,552.02,2388.21,9064.42,1.3,47.91,520.08,2388.21,8143.23,8.4697,0.03,394,2388,100.0,38.61,23.099
77,144,-0.0018,0.0002,100.0,518.67,643.87,1599.52,1423.96,14.62,21.61,551.49,2388.23,9071.32,1.3,47.97,519.93,2388.26,8146.54,8.465,0.03,396,2388,100.0,38.71,23.0314
77,145,-0.0035,-0.0002,100.0,518.67,643.03,1599.24,1426.0,14.62,21.61,551.31,2388.22,9070.29,1.3,48.07,520.21,2388.25,8145.02,8.5291,0.03,395,2388,100.0,38.66,23.0945
77,146,0.0002,0.0004,100.0,518.67,643.12,1606.96,1423.84,14.62,21.61,552.0,2388.2,9067.18,1.3,48.02,519.85,2388.23,8144.68,8.5117,0.03,396,2388,100.0,38.5,23.1474
77,147,0.0018,0.0004,100.0,518.67,642.92,1598.62,1419.2,14.62,21.61,551.88,2388.19,9072.67,1.3,48.17,519.76,2388.11,8136.32,8.527,0.03,396,2388,100.0,38.41,23.1524
77,148,-0.0002,-0.0003,100.0,518.67,643.52,1590.78,1426.85,14.62,21.61,552.29,2388.14,9074.69,1.3,48.1,519.73,2388.24,8151.88,8.5134,0.03,395,2388,100.0,38.4,23.0164
77,149,-0.0025,0.0004,100.0,518.67,643.52,1602.14,1428.06,14.62,21.61,551.19,2388.21,9074.56,1.3,48.03,519.29,2388.2,8143.76,8.5141,0.03,396,2388,100.0,38.26,22.9364
77,150,0.001,-0.0002,100.0,518.67,643.87,1599.88,1430.02,14.62,21.61,551.01,2388.24,9078.59,1.3,48.29,519.64,2388.25,8141.64,8.5131,0.03,397,2388,100.0,38.45,23.0717
77,151,-0.0003,-0.0005,100.0,518.67,643.35,1603.88,1425.5,14.62,21.61,552.22,2388.24,9072.62,1.3,48.12,520.54,2388.28,8146.6,8.517,0.03,395,2388,100.0,38.44,23.0762
77,152,-0.0002,0.0003,100.0,518.67,643.79,1606.27,1427.02,14.62,21.61,552.07,2388.21,9073.81,1.3,48.14,519.71,2388.27,8145.5,8.5169,0.03,395,2388,100.0,38.64,23.107
77,153,-0.0012,0.0002,100.0,518.67,643.81,1607.37,1426.15,14.62,21.61,550.82,2388.3,9080.28,1.3,48.26,519.19,2388.2,8151.17,8.53,0.03,395,2388,100.0,38.46,23.1067
77,154,0.0009,-0.0004,100.0,518.67,643.49,1601.95,1423.58,14.62,21.61,551.86,2388.27,9074.92,1.3,48.08,519.38,2388.24,8148.51,8.5105,0.03,399,2388,100.0,38.29,23.0154
96,1,-0.0014,-0.0004,100.0,518.67,642.03,1579.12,1404.22,14.62,21.61,554.92,2388.11,9046.49,1.3,47.41,522.26,2388.06,8133.36,8.4293,0.03,392,2388,100.0,38.82,23.4178
96,2,0.0004,-0.0002,100.0,518.67,641.99,1585.8,1396.96,14.62,21.61,553.66,2388.1,9058.7,1.3,47.26,522.31,2388.17,8136.21,8.4423,0.03,392,2388,100.0,39.01,23.3585
96,3,-0.0006,0.0003,100.0,518.67,642.03,1580.89,1395.06,14.62,21.61,554.03,2388.04,9047.25,1.3,47.33,522.26,2388.01,8134.72,8.4207,0.03,392,2388,100.0,38.91,23.3341
96,4,0.0009,-0.0001,100.0,518.67,642.22,1580.01,1393.84,14.62,21.61,554.43,2388.03,9055.6,1.3,47.19,522.09,2388.03,8134.52,8.4166,0.03,391,2388,100.0,38.97,23.3679
96,5,0.0026,-0.0003,100.0,518.67,642.46,1587.35,1403.18,14.62,21.61,554.28,2388.05,9051.83,1.3,47.22,521.92,2388.08,8135.34,8.3952,0.03,393,2388,100.0,39.0,23.4582
96,6,-0.0006,0.0002,100.0,518.67,642.5,1582.47,1401.9,14.62,21.61,554.32,2388.03,9046.9,1.3,47.27,522.17,2388.06,8134.99,8.4305,0.03,390,2388,100.0,38.96,23.419
96,7,0.0021,0.0005,100.0,518.67,642.2,1583.86,1397.12,14.62,21.61,554.24,2388.04,9052.24,1.3,47.28,522.43,2388.03,8133.24,8.3763,0.03,393,2388,100.0,39.08,23.3395
96,8,-0.0009,0.0003,100.0,518.67,642.41,1579.28,1402.43,14.62,21.61,554.43,2388.08,9059.01,1.3,47.27,521.83,2388.08,8133.72,8.4288,0.03,392,2388,100.0,39.11,23.4059
96,9,-0.0038,-0.0002,100.0,518.67,642.28,1582.82,1399.6,14.62,21.61,554.15,2388.09,9047.92,1.3,47.17,521.72,2388.06,8131.8,8.4291,0.03,392,2388,100.0,38.98,23.3796
96,10,0.0042,0.0001,100.0,518.67,641.97,1587.86,1408.76,14.62,21.61,553.92,2388.05,9050.81,1.3,47.24,522.29,2388.04,8134.63,8.398,0.03,392,2388,100.0,38.86,23.5344
96,11,-0.0005,-0.0001,100.0,518.67,642.42,1588.7,1396.68,14.62,21.61,554.07,2388.05,9054.9,1.3,47.37,522.0,2388.06,8136.62,8.4534,0.03,393,2388,100.0,38.92,23.4007
96,12,0.0038,-0.0,100.0,518.67,642.09,1580.9,1398.01,14.62,21.6,554.43,2388.05,9047.87,1.3,47.19,522.14,2388.05,8134.84,8.4037,0.03,391,2388,100.0,38.95,23.4199
96,13,-0.0015,-0.0001,100.0,518.67,642.16,1586.38,1407.59,14.62,21.61,554.38,2388.0,9045.95,1.3,47.34,522.43,2388.04,8142.12,8.4001,0.03,392,2388,100.0,38.93,23.295
96,14,0.0004,0.0005,100.0,518.67,642.73,1588.64,1397.55,14.62,21.61,553.39,2388.0,9046.56,1.3,47.31,521.95,2388.09,8130.26,8.3756,0.03,391,2388,100.0,38.86,23.3464
96,15,0.0037,-0.0002,100.0,518.67,642.17,1581.43,1399.91,14.62,21.61,554.18,2388.04,9055.24,1.3,47.36,522.53,2388.07,8134.66,8.3882,0.03,392,2388,100.0,39.03,23.4392
96,16,0.0016,-0.0003,100.0,518.67,642.13,1578.69,1403.3,14.62,21.61,554.44,2387.98,9054.89,1.3,47.02,522.05,2388.08,8130.16,8.4112,0.03,393,2388,100.0,38.95,23.4259
96,17,-0.0008,0.0003,100.0,518.67,642.63,1585.38,1404.67,14.62,21.61,553.59,2388.03,9053.77,1.3,47.22,522.32,2388.1,8132.74,8.437,0.03,391,2388,100.0,39.0,23.3382
96,18,0.0032,-0.0003,100.0,518.67,642.01,1583.03,1397.32,14.62,21.61,553.23,2388.02,9051.39,1.3,47.42,521.99,2388.04,8128.37,8.4481,0.03,393,2388,100.0,39.05,23.3905
96,19,-0.0028,-0.0002,100.0,518.67,641.93,1583.78,1401.88,14.62,21.61,553.97,2388.05,9055.55,1.3,47.36,521.84,2388.02,8131.4,8.3837,0.03,392,2388,100.0,39.15,23.4007
96,20,-0.0005,-0.0005,100.0,518.67,642.18,1583.28,1404.79,14.62,21.61,554.57,2388.08,9057.11,1.3,47.38,521.54,2388.05,8139.71,8.4191,0.03,392,2388,100.0,38.93,23.3624
96,21,-0.0037,0.0005,100.0,518.67,642.23,1588.23,1397.7,14.62,21.61,554.24,2388.03,9053.79,1.3,47.28,522.37,2388.03,8135.58,8.4194,0.03,392,2388,100.0,38.96,23.3706
96,22,-0.0022,0.0002,100.0,518.67,642.22,1584.66,1406.21,14.62,21.61,554.48,2387.97,9060.63,1.3,47.43,521.93,2388.02,8133.02,8.3961,0.03,392,2388,100.0,38.77,23.3102
96,23,0.0002,0.0,100.0,518.67,642.52,1575.65,1398.56,14.62,21.61,554.39,2388.04,9058.85,1.3,47.19,521.77,2388.07,8132.09,8.4178,0.03,392,2388,100.0,38.86,23.4381
96,24,-0.0011,0.0003,100.0,518.67,642.27,1584.93,1397.8,14.62,21.61,554.45,2388.05,9055.87,1.3,47.29,522.47,2388.01,8132.63,8.4012,0.03,392,2388,100.0,39.05,23.3216
96,25,0.003,0.0005,100.0,518.67,642.27,1584.35,1404.23,14.62,21.61,553.87,2388.07,9051.1,1.3,47.24,521.75,2387.99,8132.33,8.4617,0.03,392,2388,100.0,38.95,23.3556
96,26,-0.0026,0.0001,100.0,518.67,642.21,1585.18,1401.97,14.62,21.61,554.44,2388.05,9056.53,1.3,47.26,522.46,2388.04,8131.01,8.4268,0.03,392,2388,100.0,38.91,23.3176
96,27,-0.0021,0.0001,100.0,518.67,642.05,1587.26,1398.19,14.62,21.61,554.01,2388.1,9045.93,1.3,47.35,522.08,2388.1,8133.95,8.4186,0.03,393,2388,100.0,39.06,23.485
96,28,0.0024,-0.0001,100.0,518.67,642.34,1587.93,1398.68,14.62,21.61,554.83,2388.06,9048.09,1.3,47.35,521.88,2388.06,8136.71,8.3983,0.03,392,2388,100.0,38.87,23.3695
96,29,-0.0036,-0.0003,100.0,518.67,642.39,1578.06,1402.89,14.62,21.61,554.11,2388.04,9053.18,1.3,47.37,521.52,2388.05,8131.19,8.4268,0.03,392,2388,100.0,39.03,23.3051
96,30,-0.0007,0.0,100.0,518.67,642.28,1588.73,1399.72,14.62,21.61,555.27,2388.0,9052.71,1.3,47.23,522.06,2388.06,8136.67,8.4019,0.03,391,2388,100.0,39.09,23.2911
96,31,0.0004,0.0005,100.0,518.67,642.04,1588.89,1401.76,14.62,21.61,554.19,2388.04,9049.98,1.3,47.2,521.47,2388.06,8132.42,8.4078,0.03,393,2388,100.0,38.93,23.4791
96,32,-0.0045,-0.0004,100.0,518.67,642.92,1583.99,1402.85,14.62,21.61,554.63,2388.06,9053.9,1.3,47.35,522.26,2388.09,8132.54,8.3985,0.03,392,2388,100.0,38.97,23.3493
96,33,0.0019,-0.0,100.0,518.67,642.57,1586.94,1398.36,14.62,21.61,554.25,2388.1,9058.49,1.3,47.26,522.28,2388.09,8136.58,8.4244,0.03,391,2388,100.0,39.0,23.3649
96,34,-0.0002,0.0002,100.0,518.67,642.33,1589.76,1406.01,14.62,21.61,554.21,2388.07,9045.11,1.3,47.29,520.82,2388.04,8137.7,8.401,0.03,391,2388,100.0,39.05,23.3203
96,35,0.0027,0.0001,100.0,518.67,641.63,1584.2,1396.97,14.62,21.61,554.13,2388.06,9044.22,1.3,47.14,522.26,2388.02,8128.4,8.4146,0.03,392,2388,100.0,38.87,23.3176
96,36,-0.0008,0.0002,100.0,518.67,642.25,1587.65,1402.43,14.62,21.61,554.51,2388.02,9053.84,1.3,47.21,521.98,2388.04,8130.7,8.4123,0.03,392,2388,100.0,38.95,23.4124
96,37,-0.0007,-0.0001,100.0,518.67,642.54,1587.41,1409.13,14.62,21.61,554.0,2388.05,9057.45,1.3,47.46,522.39,2388.06,8131.37,8.4248,0.03,392,2388,100.0,39.1,23.3888
96,38,0.0009,-0.0003,100.0,518.67,642.1,1585.02,1398.37,14.62,21.61,553.11,2388.03,9046.77,1.3,47.47,522.2,2388.06,8135.73,8.4128,0.03,392,2388,100.0,38.84,23.3303
96,39,-0.003,0.0001,100.0,518.67,642.3,1584.48,1402.96,14.62,21.61,554.32,2388.07,9044.67,1.3,47.33,521.74,2388.05,8132.04,8.4071,0.03,392,2388,100.0,39.08,23.3403
96,40,-0.0,0.0003,100.0,518.67,642.45,1586.71,1394.76,14.62,21.61,553.31,2388.03,9058.89,1.3,47.35,522.21,2388.07,8134.86,8.3951,0.03,393,2388,100.0,38.92,23.4348
96,41,-0.0009,-0.0005,100.0,518.67,642.53,1587.48,1397.57,14.62,21.61,554.08,2388.08,9053.24,1.3,47.27,522.62,2388.07,8132.76,8.4056,0.03,391,2388,100.0,38.92,23.4974
96,42,-0.0009,-0.0004,100.0,518.67,642.5,1583.98,1403.99,14.62,21.61,554.15,2388.03,9045.48,1.3,47.4,522.06,2388.09,8132.81,8.4327,0.03,392,2388,100.0,38.91,23.4001
96,43,0.0024,0.0005,100.0,518.67,641.74,1588.24,1398.53,14.62,21.61,554.9,2388.07,9048.54,1.3,47.57,522.18,2388.04,8135.88,8.4486,0.03,393,2388,100.0,38.8,23.2853
96,44,0.0002,0.0003,100.0,518.67,642.47,1580.95,1402.17,14.62,21.61,554.43,2388.07,9056.09,1.3,47.3,521.9,2388.07,8134.45,8.4157,0.03,392,2388,100.0,38.93,23.2927
96,45,-0.0027,-0.0001,100.0,518.67,642.03,1591.73,1399.15,14.62,21.61,554.19,2388.04,9046.49,1.3,47.42,521.55,2388.01,8127.28,8.4132,0.03,393,2388,100.0,38.64,23.3319
96,46,0.0014,-0.0003,100.0,518.67,641.95,1585.7,1400.91,14.62,21.61,553.54,2388.04,9053.03,1.3,47.34,521.87,2388.05,8129.82,8.3732,0.03,392,2388,100.0,38.76,23.3517
96,47,0.0029,-0.0002,100.0,518.67,641.96,1589.24,1401.91,14.62,21.61,553.78,2388.02,9050.66,1.3,47.13,522.13,2388.07,8133.29,8.3933,0.03,391,2388,100.0,38.84,23.381
96,48,-0.0024,0.0003,100.0,518.67,642.19,1579.94,1400.08,14.62,21.61,554.04,2388.03,9057.03,1.3,47.23,521.39,2388.1,8137.94,8.4344,0.03,392,2388,100.0,38.96,23.2573
96,49,-0.0004,0.0003,100.0,518.67,642.26,1585.05,1399.07,14.62,21.61,553.95,2388.07,9057.1,1.3,47.12,521.85,2388.1,8136.49,8.4279,0.03,391,2388,100.0,39.04,23.5215
96,50,-0.0011,-0.0005,100.0,518.67,642.56,1585.47,1399.51,14.62,21.61,554.03,2388.04,9053.16,1.3,47.33,521.99,2388.1,8133.36,8.4231,0.03,394,2388,100.0,38.84,23.3313
96,51,-0.0002,0.0001,100.0,518.67,642.66,1579.83,1399.1,14.62,21.61,554.92,2388.05,9050.69,1.3,47.31,522.06,2388.08,8134.97,8.4432,0.03,393,2388,100.0,39.17,23.3341
96,52,-0.0014,0.0003,100.0,518.67,642.27,1585.82,1395.46,14.62,21.61,554.41,2387.99,9049.45,1.3,47.23,521.98,2388.08,8130.01,8.4189,0.03,393,2388,100.0,39.1,23.4054
96,53,0.0007,0.0002,100.0,518.67,642.03,1585.22,1406.32,14.62,21.61,553.91,2388.05,9054.08,1.3,47.38,521.19,2388.03,8136.72,8.4226,0.03,391,2388,100.0,38.93,23.4147
96,54,0.0027,0.0001,100.0,518.67,642.04,1590.66,1400.26,14.62,21.61,554.03,2388.06,9058.28,1.3,47.41,522.68,2388.04,8132.73,8.4213,0.03,392,2388,100.0,38.93,23.3654
96,55,0.0015,0.0005,100.0,518.67,641.94,1583.94,1405.16,14.62,21.61,553.54,2388.04,9051.01,1.3,47.51,521.91,2388.07,8134.2,8.4038,0.03,391,2388,100.0,39.08,23.3846
96,56,0.0026,0.0002,100.0,518.67,642.41,1589.73,1400.93,14.62,21.61,553.67,2388.08,9050.53,1.3,47.3,521.95,2388.06,8136.23,8.4225,0.03,393,2388,100.0,39.02,23.3419
96,57,-0.0009,0.0001,100.0,518.67,642.36,1584.49,1404.11,14.62,21.61,553.68,2388.03,9050.36,1.3,47.35,522.08,2388.04,8131.93,8.4175,0.03,392,2388,100.0,38.76,23.4331
96,58,0.0019,-0.0004,100.0,518.67,642.28,1597.41,1406.95,14.62,21.61,554.21,2388.07,9047.27,1.3,47.52,522.14,2388.07,8128.77,8.4633,0.03,392,2388,100.0,39.03,23.2925
96,59,-0.0012,0.0005,100.0,518.67,642.8,1589.51,1400.57,14.62,21.61,554.27,2388.05,9045.33,1.3,47.33,521.8,2388.06,8131.46,8.4128,0.03,392,2388,100.0,38.93,23.3685
96,60,-0.0009,-0.0,100.0,518.67,642.11,1590.71,1399.39,14.62,21.61,554.68,2388.1,9052.15,1.3,47.38,521.77,2388.05,8130.79,8.428,0.03,392,2388,100.0,38.99,23.4389
96,61,0.0016,-0.0001,100.0,518.67,643.06,1588.17,1408.68,14.62,21.6,553.98,2388.12,9054.02,1.3,47.33,521.72,2388.07,8135.92,8.3934,0.03,391,2388,100.0,38.87,23.384
96,62,-0.001,-0.0001,100.0,518.67,641.98,1590.27,1398.67,14.62,21.61,554.16,2388.05,9056.18,1.3,47.21,522.77,2388.03,8129.06,8.3961,0.03,393,2388,100.0,39.03,23.3657
96,63,0.0016,-0.0001,100.0,518.67,642.35,1581.98,1404.52,14.62,21.61,553.61,2388.09,9057.59,1.3,47.23,521.98,2388.05,8126.15,8.4249,0.03,392,2388,100.0,38.83,23.3595
96,64,0.0001,0.0002,100.0,518.67,642.62,1590.55,1395.02,14.62,21.61,554.24,2387.99,9052.99,1.3,47.22,522.37,2388.05,8130.12,8.4239,0.03,392,2388,100.0,38.97,23.3756
96,65,0.0009,-0.0001,100.0,518.67,641.61,1581.42,1393.86,14.62,21.61,554.28,2388.06,9051.02,1.3,47.38,521.73,2388.05,8135.24,8.4013,0.03,390,2388,100.0,39.13,23.3997
96,66,0.0,-0.0005,100.0,518.67,641.94,1590.1,1404.9,14.62,21.61,554.07,2388.06,9057.09,1.3,47.24,522.06,2387.97,8127.62,8.3938,0.03,393,2388,100.0,39.08,23.3604
96,67,0.004,-0.0,100.0,518.67,642.12,1581.85,1409.01,14.62,21.61,554.13,2388.03,9051.48,1.3,47.21,521.97,2388.03,8137.1,8.4235,0.03,391,2388,100.0,38.75,23.3228
96,68,0.0006,0.0001,100.0,518.67,642.13,1582.75,1401.69,14.62,21.61,554.19,2388.02,9049.63,1.3,47.29,522.14,2388.03,8130.46,8.402,0.03,392,2388,100.0,39.06,23.3701
96,69,0.0019,0.0002,100.0,518.67,642.77,1591.14,1400.21,14.62,21.61,553.77,2388.04,9056.14,1.3,47.37,521.6,2388.02,8136.89,8.4281,0.03,392,2388,100.0,39.03,23.406
96,70,-0.0033,-0.0005,100.0,518.67,642.95,1578.17,1402.44,14.62,21.61,553.76,2388.12,9047.49,1.3,47.34,521.9,2388.04,8132.83,8.4276,0.03,393,2388,100.0,39.07,23.3014
96,71,0.0001,-0.0001,100.0,518.67,642.32,1588.49,1400.3,14.62,21.61,554.65,2388.01,9050.91,1.3,47.34,522.21,2388.1,8133.09,8.412,0.03,390,2388,100.0,38.89,23.3862
96,72,-0.0006,-0.0001,100.0,518.67,642.1,1583.12,1401.76,14.62,21.61,554.0,2387.99,9055.53,1.3,47.27,521.64,2388.03,8129.64,8.4037,0.03,391,2388,100.0,38.86,23.3804
96,73,-0.0005,0.0004,100.0,518.67,643.0,1582.73,1402.55,14.62,21.61,553.97,2388.06,9044.52,1.3,47.32,522.23,2388.1,8130.69,8.4065,0.03,395,2388,100.0,38.96,23.4397
96,74,0.0007,-0.0001,100.0,518.67,641.99,1578.25,1401.91,14.62,21.61,553.15,2388.11,9055.43,1.3,47.28,521.87,2388.04,8133.55,8.389,0.03,392,2388,100.0,38.88,23.4704
96,75,-0.0039,-0.0,100.0,518.67,642.18,1586.35,1407.26,14.62,21.61,554.19,2388.08,9052.7,1.3,47.4,522.19,2388.07,8132.84,8.3891,0.03,392,2388,100.0,38.98,23.4267
96,76,-0.0034,0.0002,100.0,518.67,642.09,1582.32,1396.95,14.62,21.61,554.33,2388.03,9047.0,1.3,47.22,522.19,2388.13,8135.28,8.4266,0.03,392,2388,100.0,38.88,23.3764
96,77,0.0002,-0.0002,100.0,518.67,642.14,1585.65,1402.57,14.62,21.61,554.06,2388.06,9053.55,1.3,47.34,521.69,2388.04,8128.16,8.428,0.03,391,2388,100.0,38.9,23.3045
96,78,0.0006,-0.0004,100.0,518.67,642.06,1589.29,1402.55,14.62,21.61,554.44,2388.01,9052.82,1.3,47.31,522.08,2388.03,8136.48,8.4248,0.03,392,2388,100.0,38.82,23.3668
96,79,-0.0007,-0.0003,100.0,518.67,642.27,1585.81,1398.25,14.62,21.61,554.5,2388.04,9058.5,1.3,47.33,521.7,2388.08,8137.91,8.3951,0.03,392,2388,100.0,39.04,23.2809
96,80,0.0021,0.0004,100.0,518.67,642.64,1581.32,1398.19,14.62,21.61,554.08,2388.03,9052.93,1.3,47.35,522.07,2388.08,8134.03,8.4248,0.03,391,2388,100.0,38.92,23.2671
96,81,-0.0031,-0.0003,100.0,518.67,642.6,1582.03,1406.24,14.62,21.61,553.97,2388.09,9049.62,1.3,47.15,521.74,2388.1,8136.29,8.4133,0.03,394,2388,100.0,38.92,23.2151
96,82,-0.0009,-0.0003,100.0,518.67,642.93,1581.84,1394.42,14.62,21.61,553.56,2388.07,9050.61,1.3,47.35,521.64,2388.03,8130.52,8.411,0.03,394,2388,100.0,39.09,23.3709
96,83,-0.002,-0.0001,100.0,518.67,642.59,1592.25,1400.82,14.62,21.61,553.58,2388.1,9047.35,1.3,47.32,521.91,2388.04,8135.29,8.3994,0.03,392,2388,100.0,39.04,23.421
96,84,-0.0008,-0.0004,100.0,518.67,642.0,1586.68,1406.8,14.62,21.61,553.92,2388.04,9051.36,1.3,47.1,521.89,2388.07,8138.89,8.4314,0.03,391,2388,100.0,39.11,23.3857
96,85,0.0009,-0.0003,100.0,518.67,642.14,1589.12,1406.9,14.62,21.61,554.17,2388.1,9053.07,1.3,47.29,522.29,2388.02,8136.04,8.4265,0.03,393,2388,100.0,38.79,23.3899
96,86,0.0002,-0.0004,100.0,518.67,642.49,1591.25,1401.04,14.62,21.6,554.24,2388.09,9057.57,1.3,47.34,522.2,2388.08,8139.7,8.4101,0.03,391,2388,100.0,38.97,23.3738
96,87,0.0012,0.0,100.0,518.67,643.14,1587.44,1404.02,14.62,21.61,553.22,2388.08,9049.08,1.3,47.53,522.14,2388.1,8133.83,8.4038,0.03,391,2388,100.0,38.98,23.2839
96,88,-0.002,-0.0003,100.0,518.67,642.22,1586.38,1405.64,14.62,21.61,554.27,2388.1,9053.47,1.3,47.37,521.91,2388.05,8136.95,8.4144,0.03,391,2388,100.0,39.11,23.361
96,89,-0.0004,0.0004,100.0,518.67,641.94,1586.85,1403.85,14.62,21.61,553.84,2388.01,9057.84,1.3,47.26,521.68,2388.04,8141.81,8.3846,0.03,393,2388,100.0,38.89,23.4517
96,90,0.0012,-0.0003,100.0,518.67,641.67,1585.27,1398.5,14.62,21.61,554.27,2388.01,9054.89,1.3,47.16,521.5,2388.04,8137.43,8.4478,0.03,392,2388,100.0,38.98,23.2615
96,91,-0.0018,0.0001,100.0,518.67,642.37,1584.34,1393.25,14.62,21.61,553.58,2388.06,9061.1,1.3,47.27,521.65,2388.07,8139.3,8.4072,0.03,392,2388,100.0,38.95,23.4174
96,92,0.0042,0.0001,100.0,518.67,642.45,1588.74,1400.92,14.62,21.61,552.97,2388.08,9051.79,1.3,47.25,522.04,2388.11,8134.57,8.4179,0.03,391,2388,100.0,38.98,23.4433
96,93,-0.0044,-0.0002,100.0,518.67,641.7,1585.22,1397.22,14.62,21.61,554.01,2388.06,9047.32,1.3,47.3,521.7,2388.07,8138.09,8.4118,0.03,390,2388,100.0,38.89,23.3702
96,94,-0.0039,-0.0004,100.0,518.67,642.76,1585.91,1398.29,14.62,21.61,553.48,2388.05,9053.37,1.3,47.35,522.17,2388.0,8142.03,8.4274,0.03,394,2388,100.0,39.08,23.4479
96,95,0.0031,0.0005,100.0,518.67,642.76,1593.76,1394.88,14.62,21.61,554.08,2388.06,9050.52,1.3,47.28,522.02,2388.07,8129.61,8.3867,0.03,394,2388,100.0,39.13,23.4309
96,96,-0.0013,0.0001,100.0,518.67,642.32,1582.94,1405.05,14.62,21.61,554.59,2388.01,9055.65,1.3,47.28,522.29,2388.01,8135.76,8.4271,0.03,392,2388,100.0,38.83,23.3584
96,97,-0.0,-0.0004,100.0,518.67,642.99,1587.87,1404.63,14.62,21.61,554.42,2388.08,9046.24,1.3,47.27,521.94,2388.07,8134.43,8.4208,0.03,394,2388,100.0,39.01,23.3831
96,98,-0.0,-0.0002,100.0,518.67,642.61,1586.02,1392.99,14.62,21.61,554.24,2388.11,9048.5,1.3,47.19,521.88,2388.04,8136.64,8.4073,0.03,393,2388,100.0,39.02,23.3239
96,99,0.0012,-0.0004,100.0,518.67,642.41,1591.71,1401.64,14.62,21.61,553.07,2388.05,9051.45,1.3,47.21,521.92,2388.05,8130.47,8.4156,0.03,392,2388,100.0,39.12,23.2593
96,100,-0.0004,0.0001,100.0,518.67,642.38,1587.67,1404.62,14.62,21.61,553.93,2388.04,9059.06,1.3,47.31,521.55,2388.05,8131.77,8.4308,0.03,392,2388,100.0,39.06,23.3407
96,101,0.0012,0.0003,100.0,518.67,642.07,1585.28,1400.12,14.62,21.61,554.74,2388.03,9051.0,1.3,47.5,521.84,2388.04,8138.31,8.4099,0.03,391,2388,100.0,38.93,23.4168
96,102,0.0021,0.0003,100.0,518.67,642.57,1591.95,1401.75,14.62,21.61,553.94,2388.05,9056.19,1.3,47.29,521.93,2388.03,8134.64,8.4233,0.03,392,2388,100.0,38.87,23.374
96,103,0.0006,-0.0,100.0,518.67,642.54,1585.98,1401.16,14.62,21.61,554.33,2388.07,9059.1,1.3,47.27,521.91,2388.07,8135.97,8.4246,0.03,394,2388,100.0,38.91,23.4543
96,104,-0.0009,0.0002,100.0,518.67,642.16,1585.93,1393.97,14.62,21.61,553.75,2388.04,9063.61,1.3,47.34,521.42,2388.1,8142.32,8.4063,0.03,394,2388,100.0,38.77,23.4865
96,105,0.0042,0.0003,100.0,518.67,642.06,1587.91,1401.39,14.62,21.61,554.11,2388.09,9053.52,1.3,47.35,522.23,2388.1,8133.67,8.3845,0.03,392,2388,100.0,38.89,23.3565
96,106,-0.0012,-0.0002,100.0,518.67,642.63,1587.13,1402.03,14.62,21.61,553.64,2388.09,9049.25,1.3,47.43,521.96,2388.02,8134.67,8.4254,0.03,392,2388,100.0,38.78,23.381
96,107,-0.0015,-0.0003,100.0,518.67,642.29,1585.79,1405.09,14.62,21.61,554.5,2388.05,9056.58,1.3,47.34,521.82,2388.1,8137.89,8.4266,0.03,392,2388,100.0,38.94,23.3761
96,108,0.0001,0.0003,100.0,518.67,642.63,1584.49,1401.33,14.62,21.61,554.02,2388.12,9051.29,1.3,47.35,521.95,2388.03,8134.12,8.4122,0.03,393,2388,100.0,38.78,23.3834
96,109,-0.0012,0.0001,100.0,518.67,642.61,1587.6,1405.76,14.62,21.61,554.7,2388.04,9058.14,1.3,47.1,522.15,2388.04,8131.47,8.4175,0.03,393,2388,100.0,38.85,23.35
96,110,0.0035,0.0001,100.0,518.67,643.03,1590.8,1402.39,14.62,21.61,554.28,2388.09,9058.84,1.3,47.31,521.82,2388.07,8135.66,8.4697,0.03,390,2388,100.0,39.01,23.2926
96,111,-0.0004,0.0003,100.0,518.67,642.63,1584.15,1402.37,14.62,21.61,553.77,2388.05,9048.45,1.3,47.35,521.9,2388.03,8129.89,8.4007,0.03,393,2388,100.0,38.76,23.339
96,112,0.0012,-0.0004,100.0,518.67,642.43,1586.49,1404.64,14.62,21.61,554.56,2388.06,9055.62,1.3,47.41,522.41,2388.03,8132.35,8.4145,0.03,392,2388,100.0,38.99,23.381
96,113,0.0015,-0.0004,100.0,518.67,642.21,1588.67,1394.61,14.62,21.61,553.76,2388.09,9053.96,1.3,47.31,521.27,2388.09,8133.91,8.41,0.03,392,2388,100.0,38.83,23.3935
96,114,-0.0017,0.0002,100.0,518.67,642.09,1578.21,1406.9,14.62,21.61,553.92,2388.04,9051.45,1.3,47.28,521.28,2388.1,8130.97,8.3812,0.03,394,2388,100.0,39.05,23.4754
96,115,0.0005,0.0002,100.0,518.67,642.26,1586.14,1397.24,14.62,21.61,554.07,2388.08,9059.67,1.3,47.52,522.13,2388.11,8132.38,8.4463,0.03,392,2388,100.0,38.96,23.2928
96,116,0.0002,0.0003,100.0,518.67,642.4,1584.33,1404.02,14.62,21.61,554.25,2388.08,9053.82,1.3,47.42,522.05,2388.15,8133.56,8.4308,0.03,394,2388,100.0,38.96,23.476
96,117,-0.0026,-0.0001,100.0,518.67,643.06,1592.87,1404.84,14.62,21.61,553.83,2388.06,9051.56,1.3,47.19,521.49,2388.11,8136.07,8.3802,0.03,393,2388,100.0,38.89,23.3787
96,118,0.0027,0.0,100.0,518.67,642.6,1592.72,1401.72,14.62,21.61,554.15,2388.05,9052.38,1.3,47.37,521.75,2388.07,8136.19,8.3988,0.03,393,2388,100.0,38.96,23.3399
96,119,0.0002,-0.0001,100.0,518.67,642.58,1594.41,1402.05,14.62,21.61,553.61,2388.09,9049.72,1.3,47.56,522.11,2388.08,8135.82,8.4184,0.03,392,2388,100.0,38.89,23.3445
96,120,-0.0026,0.0003,100.0,518.67,641.87,1584.11,1401.98,14.62,21.61,554.03,2388.09,9049.66,1.3,47.35,521.9,2388.09,8135.52,8.4136,0.03,393,2388,100.0,39.08,23.3331
96,121,0.0024,-0.0001,100.0,518.67,642.62,1590.51,1407.17,14.62,21.61,554.48,2388.08,9055.74,1.3,47.44,521.99,2388.15,8133.33,8.4206,0.03,392,2388,100.0,39.1,23.3702
96,122,-0.0025,0.0001,100.0,518.67,642.43,1586.33,1406.45,14.62,21.61,553.56,2388.09,9058.51,1.3,47.53,521.66,2388.08,8136.5,8.465,0.03,394,2388,100.0,38.94,23.3937
96,123,0.0013,-0.0004,100.0,518.67,642.16,1579.14,1399.02,14.62,21.61,553.06,2388.1,9056.44,1.3,47.19,521.99,2388.04,8130.36,8.4264,0.03,392,2388,100.0,38.78,23.457
96,124,-0.0002,0.0005,100.0,518.67,642.3,1588.64,1402.66,14.62,21.61,554.46,2388.09,9051.31,1.3,47.18,522.15,2388.08,8137.66,8.3967,0.03,392,2388,100.0,39.0,23.3735
96,125,-0.0006,-0.0003,100.0,518.67,642.45,1586.77,1398.63,14.62,21.61,553.75,2388.06,9055.58,1.3,47.37,522.18,2388.04,8139.45,8.3956,0.03,392,2388,100.0,38.89,23.3881
96,126,-0.0012,0.0002,100.0,518.67,642.66,1582.18,1404.76,14.62,21.61,554.2,2388.11,9047.03,1.3,47.26,521.7,2388.09,8131.43,8.4227,0.03,392,2388,100.0,38.87,23.2889
96,127,-0.0008,-0.0003,100.0,518.67,642.01,1587.72,1405.86,14.62,21.61,553.99,2388.02,9044.78,1.3,47.36,522.47,2388.04,8137.82,8.4278,0.03,391,2388,100.0,39.08,23.3712
96,128,-0.0031,-0.0002,100.0,518.67,642.48,1583.03,1404.86,14.62,21.61,554.36,2388.05,9054.09,1.3,47.37,521.89,2388.06,8139.31,8.4033,0.03,392,2388,100.0,38.92,23.2672
96,129,0.0006,0.0001,100.0,518.67,641.71,1590.58,1405.72,14.62,21.61,553.68,2388.07,9054.16,1.3,47.38,521.8,2388.03,8131.8,8.3721,0.03,392,2388,100.0,39.18,23.3271
96,130,0.0009,-0.0001,100.0,518.67,641.85,1580.37,1403.66,14.62,21.61,553.63,2388.05,9052.27,1.3,47.33,521.56,2388.09,8132.27,8.4005,0.03,393,2388,100.0,38.97,23.4149
96,131,-0.0,0.0001,100.0,518.67,642.65,1588.97,1398.8,14.62,21.61,553.99,2388.09,9051.92,1.3,47.16,522.25,2388.08,8129.33,8.4233,0.03,392,2388,100.0,38.88,23.427
96,132,-0.0026,0.0004,100.0,518.67,642.01,1586.74,1406.08,14.62,21.61,554.29,2388.05,9045.45,1.3,47.26,521.57,2388.09,8135.1,8.4102,0.03,392,2388,100.0,38.89,23.4088
96,133,0.0017,-0.0004,100.0,518.67,642.49,1579.51,1408.0,14.62,21.61,553.28,2388.08,9052.99,1.3,47.39,521.95,2388.12,8134.17,8.3972,0.03,392,2388,100.0,38.76,23.3097
96,134,-0.0,0.0002,100.0,518.67,642.28,1587.94,1409.3,14.62,21.61,554.57,2388.03,9056.48,1.3,47.21,522.47,2388.02,8136.71,8.4445,0.03,393,2388,100.0,39.08,23.4067
96,135,-0.0027,-0.0002,100.0,518.67,642.39,1590.11,1401.91,14.62,21.61,553.3,2388.11,9052.4,1.3,47.51,521.28,2388.04,8129.39,8.3704,0.03,391,2388,100.0,38.82,23.4213
96,136,-0.0018,-0.0002,100.0,518.67,642.96,1590.94,1399.6,14.62,21.61,553.98,2388.12,9049.97,1.3,47.41,522.05,2388.08,8133.9,8.3893,0.03,392,2388,100.0,38.94,23.302
96,137,0.001,0.0003,100.0,518.67,642.24,1585.92,1409.24,14.62,21.61,553.64,2388.05,9055.19,1.3,47.28,522.04,2388.01,8132.43,8.4793,0.03,394,2388,100.0,38.97,23.3395
96,138,-0.0001,0.0001,100.0,518.67,642.42,1579.23,1400.25,14.62,21.61,554.36,2388.14,9053.6,1.3,47.4,521.79,2388.07,8127.34,8.4099,0.03,393,2388,100.0,39.0,23.3927
96,139,0.003,-0.0003,100.0,518.67,642.01,1577.72,1403.1,14.62,21.61,554.25,2388.08,9055.47,1.3,47.44,522.04,2388.04,8132.3,8.4003,0.03,394,2388,100.0,39.03,23.3759
96,140,-0.0001,0.0003,100.0,518.67,642.54,1584.79,1402.76,14.62,21.61,554.15,2388.09,9050.99,1.3,47.48,521.92,2388.03,8130.8,8.4396,0.03,393,2388,100.0,38.74,23.4065
96,141,-0.0013,0.0005,100.0,518.67,642.82,1591.08,1399.84,14.62,21.61,554.27,2388.03,9056.87,1.3,47.53,521.47,2388.1,8134.16,8.4485,0.03,392,2388,100.0,38.85,23.3401
96,142,-0.0047,0.0002,100.0,518.67,642.66,1584.35,1399.49,14.62,21.61,554.45,2388.1,9053.34,1.3,47.3,521.66,2388.05,8136.42,8.4325,0.03,393,2388,100.0,38.88,23.4319
96,143,-0.0,0.0004,100.0,518.67,642.02,1587.97,1402.18,14.62,21.61,553.97,2388.09,9056.75,1.3,47.51,521.78,2388.07,8137.91,8.4483,0.03,392,2388,100.0,38.9,23.3988
96,144,0.0008,-0.0003,100.0,518.67,642.67,1588.24,1399.62,14.62,21.61,553.66,2388.05,9054.0,1.3,47.41,521.82,2388.08,8131.72,8.4331,0.03,394,2388,100.0,38.97,23.2896
96,145,-0.0009,0.0001,100.0,518.67,641.85,1585.26,1401.8,14.62,21.61,554.34,2388.06,9053.91,1.3,47.39,521.38,2388.03,8137.24,8.4319,0.03,393,2388,100.0,38.79,23.3414
96,146,-0.0017,-0.0002,100.0,518.67,642.59,1588.44,1401.42,14.62,21.61,553.87,2387.96,9045.0,1.3,47.35,521.81,2388.06,8128.65,8.4197,0.03,393,2388,100.0,38.98,23.3508
96,147,-0.0023,0.0003,100.0,518.67,642.29,1592.87,1412.14,14.62,21.61,553.97,2388.06,9059.03,1.3,47.41,522.07,2388.14,8137.19,8.4263,0.03,394,2388,100.0,38.81,23.2049
96,148,-0.003,-0.0002,100.0,518.67,641.9,1586.05,1408.75,14.62,21.61,553.91,2388.06,9057.1,1.3,47.53,522.14,2388.1,8129.03,8.41,0.03,393,2388,100.0,38.78,23.3077
96,149,0.003,-0.0,100.0,518.67,642.46,1590.93,1406.47,14.62,21.61,554.06,2388.14,9053.11,1.3,47.52,522.58,2388.07,8129.58,8.394,0.03,395,2388,100.0,39.01,23.2268
96,150,-0.0027,0.0001,100.0,518.67,642.44,1590.27,1402.43,14.62,21.61,553.76,2388.03,9055.89,1.3,47.4,521.67,2388.07,8137.28,8.428,0.03,394,2388,100.0,38.83,23.2503
96,151,-0.0013,-0.0001,100.0,518.67,642.5,1593.48,1405.39,14.62,21.61,553.36,2388.05,9052.6,1.3,47.27,521.89,2388.07,8138.44,8.4371,0.03,391,2388,100.0,38.83,23.3448
96,152,-0.0025,-0.0,100.0,518.67,642.53,1592.04,1400.49,14.62,21.61,554.13,2388.05,9054.37,1.3,47.36,521.47,2388.09,8136.27,8.4151,0.03,392,2388,100.0,38.98,23.2782
96,153,-0.0002,-0.0002,100.0,518.67,642.06,1587.52,1408.05,14.62,21.61,553.54,2388.06,9061.98,1.3,47.25,521.78,2388.11,8136.5,8.3959,0.03,392,2388,100.0,38.93,23.4154
96,154,-0.0014,0.0002,100.0,518.67,642.75,1589.99,1400.36,14.62,21.61,553.98,2388.06,9048.82,1.3,47.52,521.91,2388.09,8136.08,8.404,0.03,393,2388,100.0,38.91,23.3923
96,155,0.0002,0.0001,100.0,518.67,642.38,1583.92,1406.72,14.62,21.61,554.58,2388.07,9053.22,1.3,47.3,521.75,2388.07,8130.94,8.4006,0.03,393,2388,100.0,38.87,23.3241
96,156,0.0009,0.0003,100.0,518.67,642.37,1583.54,1407.57,14.62,21.61,553.65,2388.09,9050.73,1.3,47.37,521.87,2388.11,8140.41,8.4164,0.03,392,2388,100.0,38.98,23.3675
96,157,0.0015,-0.0001,100.0,518.67,642.35,1590.22,1410.76,14.62,21.61,553.11,2388.1,9056.23,1.3,47.54,521.66,2388.1,8138.87,8.4364,0.03,391,2388,100.0,38.97,23.3997
96,158,-0.0004,0.0001,100.0,518.67,642.59,1596.77,1402.3,14.62,21.61,554.1,2388.12,9059.46,1.3,47.32,521.6,2388.13,8141.96,8.4082,0.03,392,2388,100.0,38.84,23.3237
96,159,-0.0019,0.0005,100.0,518.67,641.55,1589.51,1406.72,14.62,21.61,553.66,2388.05,9049.14,1.3,47.63,521.47,2388.02,8133.46,8.4536,0.03,393,2388,100.0,38.63,23.2801
96,160,-0.0011,-0.0005,100.0,518.67,642.53,1590.14,1405.53,14.62,21.61,554.17,2388.06,9053.91,1.3,47.21,521.74,2388.05,8143.34,8.4119,0.03,392,2388,100.0,38.93,23.3257
96,161,-0.0011,0.0002,100.0,518.67,642.09,1587.64,1397.97,14.62,21.61,553.62,2388.08,9054.22,1.3,47.32,521.69,2388.08,8129.8,8.3556,0.03,393,2388,100.0,38.98,23.3516
96,162,0.0006,-0.0001,100.0,518.67,642.83,1587.26,1402.9,14.62,21.61,554.26,2388.06,9056.1,1.3,47.29,521.53,2388.04,8136.87,8.4201,0.03,392,2388,100.0,38.96,23.4465
96,163,-0.0013,0.0003,100.0,518.67,642.56,1594.68,1404.73,14.62,21.61,554.09,2388.12,9048.07,1.3,47.38,521.45,2388.07,8134.23,8.449,0.03,393,2388,100.0,38.9,23.2669
96,164,-0.0042,0.0001,100.0,518.67,642.65,1581.52,1400.81,14.62,21.61,554.41,2388.06,9052.02,1.3,47.48,521.8,2388.06,8132.89,8.4274,0.03,391,2388,100.0,39.09,23.375
96,165,0.0011,0.0002,100.0,518.67,642.38,1588.95,1398.17,14.62,21.61,553.8,2388.1,9055.06,1.3,47.3,521.85,2388.01,8141.23,8.4299,0.03,394,2388,100.0,38.97,23.3277
96,166,0.0008,-0.0004,100.0,518.67,642.98,1588.44,1405.59,14.62,21.61,554.14,2388.09,9055.77,1.3,47.32,521.5,2388.08,8138.55,8.4281,0.03,392,2388,100.0,38.93,23.2091
96,167,-0.0038,0.0003,100.0,518.67,642.61,1588.43,1411.68,14.62,21.61,553.9,2388.09,9054.18,1.3,47.31,521.58,2388.1,8133.79,8.4451,0.03,391,2388,100.0,38.76,23.1533
96,168,0.0007,0.0003,100.0,518.67,641.91,1588.52,1402.08,14.62,21.61,553.21,2388.08,9046.84,1.3,47.45,522.24,2388.09,8133.49,8.4582,0.03,394,2388,100.0,39.09,23.2941
96,169,0.0014,0.0003,100.0,518.67,642.94,1589.72,1402.31,14.62,21.61,554.06,2388.08,9058.02,1.3,47.4,520.99,2388.01,8131.75,8.4197,0.03,392,2388,100.0,38.84,23.3188
96,170,-0.0006,0.0002,100.0,518.67,642.37,1586.54,1404.43,14.62,21.61,553.72,2388.07,9062.86,1.3,47.39,521.76,2388.02,8131.96,8.4016,0.03,393,2388,100.0,39.04,23.3343
96,171,0.0001,0.0001,100.0,518.67,642.6,1588.47,1410.13,14.62,21.61,553.46,2388.04,9054.97,1.3,47.57,521.58,2388.06,8132.39,8.4132,0.03,393,2388,100.0,38.85,23.1859
96,172,-0.0034,0.0001,100.0,518.67,642.59,1586.86,1401.94,14.62,21.61,553.88,2388.02,9060.08,1.3,47.55,521.82,2388.06,8132.79,8.4386,0.03,393,2388,100.0,38.92,23.3152
96,173,0.0013,-0.0,100.0,518.67,642.53,1587.0,1409.96,14.62,21.61,553.47,2388.05,9058.21,1.3,47.29,521.74,2388.04,8136.6,8.4179,0.03,393,2388,100.0,38.97,23.417
96,174,-0.0045,-0.0002,100.0,518.67,642.84,1589.33,1411.87,14.62,21.61,553.84,2388.09,9049.96,1.3,47.46,521.88,2388.09,8133.41,8.4033,0.03,393,2388,100.0,38.89,23.3065
96,175,0.0004,0.0,100.0,518.67,642.03,1585.55,1411.62,14.62,21.61,553.63,2388.09,9052.9,1.3,47.52,521.62,2388.05,8139.13,8.4044,0.03,393,2388,100.0,38.94,23.3393
96,176,-0.0005,0.0001,100.0,518.67,642.51,1589.64,1403.19,14.62,21.61,553.96,2388.07,9059.39,1.3,47.44,522.14,2388.06,8137.43,8.4427,0.03,392,2388,100.0,38.93,23.3965
96,177,-0.0043,-0.0,100.0,518.67,643.06,1587.44,1407.18,14.62,21.61,553.75,2388.06,9062.09,1.3,47.41,521.73,2388.04,8135.14,8.4221,0.03,394,2388,100.0,38.69,23.3091
96,178,-0.0004,-0.0004,100.0,518.67,642.34,1589.95,1398.25,14.62,21.61,553.09,2388.04,9051.91,1.3,47.46,521.7,2388.06,8136.69,8.4116,0.03,393,2388,100.0,38.81,23.2271
96,179,0.0038,-0.0005,100.0,518.67,641.89,1594.64,1399.22,14.62,21.61,553.85,2388.1,9060.71,1.3,47.39,521.43,2388.08,8134.49,8.4141,0.03,392,2388,100.0,38.91,23.4029
96,180,-0.003,0.0,100.0,518.67,642.61,1592.04,1406.01,14.62,21.61,553.57,2388.13,9059.96,1.3,47.42,521.66,2388.13,8135.0,8.4282,0.03,393,2388,100.0,39.03,23.3085
96,181,0.0,-0.0002,100.0,518.67,642.28,1594.59,1408.63,14.62,21.61,553.48,2388.08,9053.98,1.3,47.42,522.2,2388.11,8137.77,8.4497,0.03,392,2388,100.0,38.93,23.2964
96,182,0.0013,0.0005,100.0,518.67,643.18,1591.11,1409.34,14.62,21.6,553.22,2388.06,9052.63,1.3,47.48,521.53,2388.06,8137.52,8.4516,0.03,394,2388,100.0,38.82,23.2967
96,183,-0.0011,0.0003,100.0,518.67,642.37,1590.28,1393.76,14.62,21.61,553.41,2388.05,9052.12,1.3,47.3,521.68,2388.07,8132.57,8.4351,0.03,394,2388,100.0,38.91,23.3311
96,184,-0.0023,-0.0002,100.0,518.67,642.43,1590.95,1410.64,14.62,21.61,554.28,2388.13,9055.88,1.3,47.38,522.05,2388.09,8136.96,8.4057,0.03,393,2388,100.0,38.82,23.3358
96,185,-0.0017,0.0003,100.0,518.67,642.33,1588.04,1409.96,14.62,21.61,553.69,2388.1,9054.88,1.3,47.32,521.91,2388.11,8137.5,8.4484,0.03,394,2388,100.0,38.79,23.3886
96,186,-0.0001,-0.0002,100.0,518.67,642.67,1590.9,1397.47,14.62,21.61,553.89,2388.06,9051.15,1.3,47.67,521.48,2388.07,8139.49,8.4146,0.03,394,2388,100.0,38.95,23.2501
96,187,-0.0007,-0.0004,100.0,518.67,642.44,1589.64,1406.17,14.62,21.61,554.24,2388.07,9054.73,1.3,47.41,521.24,2388.06,8142.78,8.4396,0.03,392,2388,100.0,38.78,23.3342
96,188,0.0018,0.0005,100.0,518.67,643.05,1591.29,1399.9,14.62,21.61,553.43,2388.1,9057.3,1.3,47.55,521.73,2388.08,8131.89,8.4642,0.03,394,2388,100.0,38.95,23.3557
96,189,0.003,0.0005,100.0,518.67,641.8,1593.73,1410.48,14.62,21.61,553.57,2388.05,9057.89,1.3,47.52,521.26,2388.03,8139.49,8.4102,0.03,392,2388,100.0,38.84,23.3311
96,190,-0.0017,-0.0001,100.0,518.67,642.38,1592.01,1401.92,14.62,21.61,553.95,2388.08,9055.24,1.3,47.59,521.46,2388.09,8132.31,8.3889,0.03,393,2388,100.0,38.77,23.2473
96,191,0.0048,0.0003,100.0,518.67,642.38,1594.9,1405.62,14.62,21.61,553.52,2388.05,9057.06,1.3,47.46,521.76,2388.1,8138.96,8.4418,0.03,394,2388,100.0,38.9,23.2422
96,192,-0.0017,0.0003,100.0,518.67,642.42,1595.78,1409.35,14.62,21.61,553.44,2388.07,9055.64,1.3,47.32,521.32,2388.05,8135.91,8.4307,0.03,394,2388,100.0,38.93,23.2574
96,193,0.002,0.0003,100.0,518.67,642.82,1589.43,1402.98,14.62,21.61,553.11,2388.03,9049.64,1.3,47.51,521.27,2388.05,8135.83,8.4222,0.03,391,2388,100.0,38.88,23.3713
96,194,-0.0013,-0.0005,100.0,518.67,642.05,1588.49,1405.94,14.62,21.61,553.48,2388.11,9058.72,1.3,47.67,521.66,2388.07,8139.36,8.4541,0.03,393,2388,100.0,38.75,23.2109
96,195,-0.0035,0.0004,100.0,518.67,642.64,1584.55,1397.43,14.62,21.61,553.7,2388.09,9052.14,1.3,47.44,521.35,2388.11,8137.3,8.4058,0.03,392,2388,100.0,38.83,23.3818
96,196,-0.0021,-0.0,100.0,518.67,643.01,1590.92,1403.48,14.62,21.61,553.74,2388.1,9055.98,1.3,47.41,521.65,2388.13,8135.66,8.4234,0.03,392,2388,100.0,38.7,23.3152
96,197,-0.0003,-0.0,100.0,518.67,642.75,1589.96,1405.73,14.62,21.61,554.01,2388.07,9053.26,1.3,47.36,522.06,2388.08,8133.64,8.4165,0.03,394,2388,100.0,38.83,23.3274
96,198,-0.0002,0.0003,100.0,518.67,642.91,1595.02,1405.19,14.62,21.61,553.36,2388.09,9049.58,1.3,47.64,521.13,2388.13,8139.95,8.4286,0.03,391,2388,100.0,38.75,23.3566
96,199,0.0018,0.0004,100.0,518.67,642.42,1586.01,1413.25,14.62,21.61,553.67,2388.1,9062.53,1.3,47.61,521.74,2388.07,8140.5,8.4497,0.03,393,2388,100.0,38.8,23.2648
96,200,0.0001,0.0,100.0,518.67,642.38,1587.91,1408.98,14.62,21.61,553.8,2388.08,9054.33,1.3,47.45,522.18,2388.08,8134.24,8.4277,0.03,393,2388,100.0,38.92,23.2778
96,201,-0.0053,0.0002,100.0,518.67,642.33,1584.08,1408.39,14.62,21.61,553.5,2388.1,9053.07,1.3,47.62,521.53,2388.1,8133.3,8.4329,0.03,392,2388,100.0,38.85,23.3444
96,202,-0.002,0.0003,100.0,518.67,642.69,1586.55,1414.38,14.62,21.61,553.54,2388.11,9057.52,1.3,47.4,521.89,2388.09,8139.39,8.4305,0.03,394,2388,100.0,38.85,23.4283
96,203,0.0013,-0.0003,100.0,518.67,643.27,1593.37,1409.24,14.62,21.61,553.55,2388.09,9054.95,1.3,47.63,520.91,2388.07,8136.49,8.4474,0.03,393,2388,100.0,38.73,23.3369
96,204,0.0011,0.0001,100.0,518.67,642.5,1592.98,1406.45,14.62,21.61,553.75,2388.14,9059.32,1.3,47.48,522.02,2388.09,8134.3,8.4893,0.03,393,2388,100.0,38.82,23.2849
96,205,0.0005,0.0002,100.0,518.67,642.72,1592.6,1408.81,14.62,21.61,553.95,2388.1,9049.67,1.3,47.41,521.5,2388.16,8135.51,8.4346,0.03,393,2388,100.0,38.76,23.2738
96,206,-0.0012,0.0003,100.0,518.67,642.54,1592.56,1403.51,14.62,21.61,553.57,2388.04,9056.35,1.3,47.58,522.4,2388.14,8136.34,8.478,0.03,393,2388,100.0,38.78,23.335
96,207,0.0006,-0.0002,100.0,518.67,642.07,1592.26,1403.63,14.62,21.61,553.25,2388.08,9055.04,1.3,47.75,521.71,2388.09,8136.44,8.4353,0.03,394,2388,100.0,38.77,23.2998
96,208,0.0011,-0.0002,100.0,518.67,642.83,1588.47,1406.82,14.62,21.61,553.6,2388.11,9057.58,1.3,47.57,521.41,2388.05,8140.63,8.4527,0.03,393,2388,100.0,38.99,23.379
96,209,0.0045,-0.0003,100.0,518.67,642.5,1591.09,1408.98,14.62,21.61,553.95,2388.1,9065.05,1.3,47.49,521.73,2388.05,8133.57,8.4306,0.03,391,2388,100.0,38.88,23.3356
96,210,-0.0042,-0.0003,100.0,518.67,642.69,1585.77,1401.37,14.62,21.61,553.37,2388.09,9060.23,1.3,47.27,521.12,2388.1,8132.29,8.4417,0.03,393,2388,100.0,38.81,23.2124
96,211,0.0,0.0,100.0,518.67,642.7,1590.85,1410.33,14.62,21.61,552.67,2388.08,9052.98,1.3,47.48,521.48,2388.12,8138.39,8.4341,0.03,393,2388,100.0,38.64,23.3123
96,212,0.0009,0.0002,100.0,518.67,642.53,1588.67,1403.79,14.62,21.61,553.83,2388.08,9057.51,1.3,47.58,522.14,2388.08,8138.41,8.4328,0.03,392,2388,100.0,38.79,23.2464
96,213,-0.0017,-0.0002,100.0,518.67,642.72,1592.56,1409.29,14.62,21.61,553.13,2388.2,9048.51,1.3,47.46,521.32,2388.13,8133.49,8.4211,0.03,393,2388,100.0,39.03,23.2575
96,214,0.0006,-0.0002,100.0,518.67,642.27,1594.68,1407.56,14.62,21.61,553.49,2388.07,9058.43,1.3,47.73,521.2,2388.15,8142.2,8.4206,0.03,393,2388,100.0,38.76,23.3875
96,215,-0.0007,-0.0002,100.0,518.67,642.38,1592.23,1405.12,14.62,21.61,553.42,2388.09,9060.43,1.3,47.35,520.99,2388.1,8131.59,8.432,0.03,393,2388,100.0,38.85,23.3707
96,216,-0.0028,0.0003,100.0,518.67,642.42,1584.19,1404.22,14.62,21.61,553.32,2388.16,9054.72,1.3,47.62,520.68,2388.08,8133.15,8.4846,0.03,393,2388,100.0,38.82,23.3681
96,217,0.0005,-0.0001,100.0,518.67,642.59,1587.44,1408.7,14.62,21.61,552.91,2388.1,9060.3,1.3,47.62,521.98,2388.14,8143.12,8.4416,0.03,391,2388,100.0,38.82,23.3539
96,218,-0.0026,0.0,100.0,518.67,642.37,1595.46,1407.35,14.62,21.61,553.75,2388.11,9056.97,1.3,47.67,521.33,2388.07,8134.67,8.4109,0.03,394,2388,100.0,38.67,23.2277
96,219,-0.0021,0.0002,100.0,518.67,642.26,1586.61,1406.28,14.62,21.61,553.95,2388.17,9063.21,1.3,47.62,521.03,2388.15,8135.35,8.4506,0.03,394,2388,100.0,38.79,23.2347
96,220,-0.0005,0.0,100.0,518.67,642.18,1589.6,1407.02,14.62,21.61,553.43,2388.15,9058.46,1.3,47.36,521.65,2388.06,8134.97,8.4345,0.03,393,2388,100.0,38.74,23.2151
96,221,0.0008,-0.0001,100.0,518.67,642.92,1589.96,1408.78,14.62,21.61,553.37,2388.07,9057.41,1.3,47.45,521.79,2388.11,8136.61,8.4235,0.03,392,2388,100.0,38.83,23.2941
96,222,-0.0044,-0.0003,100.0,518.67,642.59,1593.67,1412.84,14.62,21.61,553.14,2388.07,9054.49,1.3,47.43,520.98,2388.09,8138.75,8.4332,0.03,393,2388,100.0,38.81,23.2502
96,223,0.0047,-0.0005,100.0,518.67,642.85,1585.36,1412.16,14.62,21.61,553.62,2388.1,9061.77,1.3,47.58,521.3,2388.12,8135.02,8.4688,0.03,395,2388,100.0,38.87,23.3303
96,224,0.0022,0.0001,100.0,518.67,642.96,1589.19,1407.43,14.62,21.61,552.77,2388.06,9047.72,1.3,47.6,521.36,2388.1,8133.3,8.4571,0.03,393,2388,100.0,38.86,23.3637
96,225,0.0044,-0.0002,100.0,518.67,642.72,1590.54,1410.39,14.62,21.61,552.87,2388.09,9059.53,1.3,47.56,520.96,2388.09,8137.91,8.4187,0.03,394,2388,100.0,38.78,23.3659
96,226,0.0018,0.0003,100.0,518.67,642.66,1588.32,1410.47,14.62,21.61,553.3,2388.1,9058.42,1.3,47.57,521.14,2388.07,8137.16,8.4566,0.03,391,2388,100.0,38.76,23.4475
96,227,-0.0007,0.0002,100.0,518.67,642.56,1587.57,1407.62,14.62,21.61,553.19,2388.05,9052.97,1.3,47.6,520.94,2388.1,8141.52,8.3959,0.03,392,2388,100.0,38.75,23.3261
96,228,-0.0026,-0.0,100.0,518.67,642.37,1590.12,1408.72,14.62,21.61,553.17,2388.12,9060.49,1.3,47.33,521.1,2388.13,8132.9,8.4513,0.03,394,2388,100.0,38.68,23.2289
96,229,0.0049,-0.0004,100.0,518.67,642.68,1592.7,1406.03,14.62,21.61,553.47,2388.1,9060.52,1.3,47.62,521.63,2388.11,8135.16,8.4465,0.03,392,2388,100.0,38.47,23.2881
96,230,0.0004,-0.0001,100.0,518.67,642.47,1593.23,1410.75,14.62,21.61,552.96,2388.06,9062.99,1.3,47.63,521.13,2388.15,8132.22,8.4401,0.03,393,2388,100.0,38.81,23.3004
96,231,0.0014,0.0005,100.0,518.67,642.91,1589.55,1415.9,14.62,21.61,553.24,2388.16,9058.19,1.3,47.47,521.68,2388.15,8136.15,8.438,0.03,392,2388,100.0,38.91,23.3061
96,232,-0.0002,0.0003,100.0,518.67,643.17,1592.56,1414.33,14.62,21.61,553.38,2388.08,9054.7,1.3,47.51,521.13,2388.14,8137.72,8.4423,0.03,394,2388,100.0,38.84,23.3073
96,233,0.0012,-0.0,100.0,518.67,643.2,1584.32,1407.07,14.62,21.61,553.63,2388.12,9057.75,1.3,47.63,521.27,2388.09,8135.41,8.4183,0.03,393,2388,100.0,38.65,23.24
96,234,-0.0018,0.0002,100.0,518.67,643.17,1589.45,1408.28,14.62,21.61,552.78,2388.14,9058.49,1.3,47.57,521.43,2388.14,8138.71,8.4404,0.03,394,2388,100.0,38.85,23.2418
96,235,-0.0023,0.0005,100.0,518.67,642.96,1591.53,1408.34,14.62,21.61,552.68,2388.07,9052.5,1.3,47.66,521.41,2388.12,8141.38,8.4456,0.03,393,2388,100.0,38.62,23.3015
96,236,0.0005,-0.0003,100.0,518.67,643.16,1589.64,1414.52,14.62,21.61,553.01,2388.11,9054.24,1.3,47.39,521.46,2388.12,8134.91,8.4151,0.03,391,2388,100.0,38.66,23.3819
96,237,-0.0017,-0.0001,100.0,518.67,642.58,1591.62,1405.0,14.62,21.61,553.62,2388.11,9063.02,1.3,47.66,521.32,2388.12,8139.58,8.4404,0.03,395,2388,100.0,38.88,23.3065
96,238,-0.0038,0.0004,100.0,518.67,642.41,1593.96,1412.58,14.62,21.61,552.59,2388.12,9067.14,1.3,47.68,521.3,2388.15,8133.56,8.4333,0.03,393,2388,100.0,38.83,23.4173
96,239,-0.0001,0.0004,100.0,518.67,642.97,1594.68,1410.88,14.62,21.61,552.93,2388.1,9061.23,1.3,47.53,521.55,2388.12,8132.82,8.4041,0.03,394,2388,100.0,38.84,23.2292
96,240,-0.0,0.0005,100.0,518.67,642.87,1598.59,1411.03,14.62,21.61,552.78,2388.08,9060.45,1.3,47.55,521.56,2388.14,8134.49,8.462,0.03,394,2388,100.0,38.66,23.2819
96,241,-0.0012,0.0004,100.0,518.67,642.88,1587.66,1404.53,14.62,21.61,552.72,2388.16,9053.16,1.3,47.57,521.12,2388.08,8140.01,8.4329,0.03,393,2388,100.0,38.83,23.3471
96,242,0.0029,-0.0,100.0,518.67,642.17,1591.52,1414.0,14.62,21.61,554.4,2388.11,9063.79,1.3,47.55,521.43,2388.08,8143.83,8.4359,0.03,394,2388,100.0,38.63,23.2846
96,243,0.0009,-0.0001,100.0,518.67,642.27,1590.26,1416.24,14.62,21.61,552.74,2388.11,9061.34,1.3,47.78,520.8,2388.12,8135.93,8.4539,0.03,395,2388,100.0,38.73,23.2862
96,244,-0.0038,0.0002,100.0,518.67,643.05,1590.19,1403.31,14.62,21.61,552.63,2388.09,9061.4,1.3,47.52,521.81,2388.15,8140.08,8.4501,0.03,394,2388,100.0,38.81,23.1947
96,245,-0.0018,0.0004,100.0,518.67,642.88,1604.56,1414.27,14.62,21.61,553.0,2388.1,9062.81,1.3,47.68,521.38,2388.12,8141.63,8.4276,0.03,392,2388,100.0,38.81,23.282
96,246,-0.0004,-0.0001,100.0,518.67,643.03,1588.51,1410.97,14.62,21.61,552.7,2388.15,9058.53,1.3,47.67,521.34,2388.14,8133.79,8.4498,0.03,392,2388,100.0,38.86,23.3789
96,247,0.003,-0.0003,100.0,518.67,642.77,1593.93,1410.02,14.62,21.61,553.2,2388.12,9060.36,1.3,47.72,521.15,2388.11,8132.92,8.4784,0.03,394,2388,100.0,38.86,23.2371
96,248,0.002,-0.0002,100.0,518.67,642.77,1584.2,1408.09,14.62,21.61,553.5,2388.12,9061.66,1.3,47.78,521.42,2388.14,8137.55,8.4823,0.03,394,2388,100.0,38.8,23.3245
96,249,-0.0005,-0.0003,100.0,518.67,643.17,1594.95,1414.47,14.62,21.61,553.34,2388.19,9064.92,1.3,47.54,520.56,2388.06,8144.54,8.4858,0.03,393,2388,100.0,38.94,23.1804
96,250,0.0038,0.0002,100.0,518.67,642.39,1590.68,1411.92,14.62,21.61,553.14,2388.15,9059.64,1.3,47.53,520.81,2388.17,8143.74,8.464,0.03,394,2388,100.0,38.65,23.1816
96,251,0.0012,-0.0004,100.0,518.67,643.34,1586.82,1416.93,14.62,21.61,552.85,2388.15,9058.15,1.3,47.61,521.13,2388.12,8138.63,8.4626,0.03,394,2388,100.0,38.65,23.2542
96,252,0.0009,0.0001,100.0,518.67,643.35,1595.03,1405.56,14.62,21.61,553.64,2388.13,9050.99,1.3,47.52,521.04,2388.15,8138.44,8.4029,0.03,393,2388,100.0,38.65,23.3074
96,253,0.0014,-0.0004,100.0,518.67,642.76,1595.07,1421.42,14.62,21.61,552.57,2388.12,9061.84,1.3,47.73,520.95,2388.12,8133.23,8.4703,0.03,394,2388,100.0,38.81,23.2332
96,254,0.0014,-0.0001,100.0,518.67,642.79,1589.76,1414.03,14.62,21.61,553.65,2388.11,9061.44,1.3,47.58,521.42,2388.14,8135.51,8.4873,0.03,394,2388,100.0,38.72,23.1492
96,255,0.0041,-0.0001,100.0,518.67,642.96,1592.41,1416.77,14.62,21.61,552.67,2388.12,9059.03,1.3,47.77,520.43,2388.16,8140.04,8.4561,0.03,394,2388,100.0,38.65,23.3182
96,256,-0.0011,-0.0,100.0,518.67,642.62,1597.4,1413.34,14.62,21.61,553.13,2388.13,9062.95,1.3,47.77,520.93,2388.17,8140.23,8.4471,0.03,394,2388,100.0,38.8,23.2637
96,257,-0.0022,0.0001,100.0,518.67,642.74,1589.9,1411.28,14.62,21.61,553.52,2388.17,9061.04,1.3,47.62,520.88,2388.2,8135.22,8.4438,0.03,394,2388,100.0,38.86,23.1841
96,258,0.003,-0.0001,100.0,518.67,642.4,1590.06,1408.76,14.62,21.61,553.33,2388.12,9060.64,1.3,47.56,520.93,2388.1,8134.14,8.428,0.03,394,2388,100.0,38.72,23.2828
96,259,-0.0014,0.0001,100.0,518.67,642.48,1582.05,1420.36,14.62,21.61,553.63,2388.14,9053.3,1.3,47.71,521.62,2388.13,8138.73,8.4812,0.03,396,2388,100.0,38.74,23.2121
96,260,0.0019,-0.0003,100.0,518.67,642.74,1592.98,1414.04,14.62,21.61,552.96,2388.07,9061.14,1.3,47.51,520.97,2388.07,8139.49,8.4968,0.03,395,2388,100.0,38.62,23.1429
96,261,0.0028,0.0002,100.0,518.67,642.5,1597.06,1416.29,14.62,21.61,553.38,2388.11,9063.72,1.3,47.53,521.09,2388.16,8138.64,8.4158,0.03,395,2388,100.0,38.78,23.2603
96,262,0.0007,0.0002,100.0,518.67,642.73,1599.76,1415.68,14.62,21.61,552.64,2388.15,9069.35,1.3,47.62,521.31,2388.12,8140.16,8.4558,0.03,394,2388,100.0,38.67,23.2402
96,263,-0.0035,0.0004,100.0,518.67,642.37,1588.69,1414.29,14.62,21.61,552.67,2388.1,9058.94,1.3,47.64,521.13,2388.15,8134.37,8.4609,0.03,393,2388,100.0,38.8,23.2598
96,264,0.0042,-0.0001,100.0,518.67,642.56,1589.79,1408.63,14.62,21.61,552.55,2388.15,9060.33,1.3,47.77,520.78,2388.12,8138.69,8.4492,0.03,394,2388,100.0,38.73,23.2889
96,265,0.0005,0.0001,100.0,518.67,642.85,1590.86,1412.99,14.62,21.61,552.94,2388.12,9057.1,1.3,47.86,520.92,2388.04,8137.8,8.4759,0.03,395,2388,100.0,38.8,23.2587
96,266,0.0019,0.0001,100.0,518.67,642.96,1591.67,1415.19,14.62,21.61,552.96,2388.15,9064.08,1.3,47.88,520.39,2388.17,8138.45,8.4645,0.03,394,2388,100.0,38.58,23.2004
96,267,-0.002,-0.0002,100.0,518.67,642.74,1591.84,1422.18,14.62,21.61,552.98,2388.11,9062.66,1.3,47.65,521.2,2388.12,8138.08,8.4632,0.03,394,2388,100.0,38.55,23.2158
96,268,-0.0004,-0.0005,100.0,518.67,642.56,1594.89,1406.85,14.62,21.61,553.8,2388.11,9060.55,1.3,47.68,521.06,2388.18,8135.63,8.4387,0.03,394,2388,100.0,38.78,23.2077
96,269,-0.0001,0.0002,100.0,518.67,642.88,1591.78,1412.08,14.62,21.61,552.93,2388.11,9061.66,1.3,47.77,520.97,2388.14,8138.41,8.4476,0.03,394,2388,100.0,38.71,23.1073
96,270,-0.0007,0.0003,100.0,518.67,643.24,1592.6,1415.18,14.62,21.61,552.94,2388.15,9068.55,1.3,47.62,520.99,2388.18,8135.78,8.4505,0.03,392,2388,100.0,38.6,23.2532
96,271,0.0009,0.0005,100.0,518.67,643.15,1593.0,1406.1,14.62,21.61,553.01,2388.14,9061.32,1.3,47.72,520.98,2388.17,8137.25,8.4977,0.03,393,2388,100.0,38.77,23.117
96,272,-0.0004,-0.0004,100.0,518.67,642.96,1585.65,1414.21,14.62,21.61,552.4,2388.11,9062.27,1.3,47.78,520.77,2388.12,8141.48,8.4686,0.03,393,2388,100.0,38.76,23.2366
96,273,-0.0004,0.0002,100.0,518.67,643.32,1599.47,1413.71,14.62,21.61,553.26,2388.15,9062.13,1.3,47.62,520.53,2388.13,8141.75,8.4588,0.03,395,2388,100.0,38.86,23.0915
96,274,0.002,-0.0001,100.0,518.67,642.65,1595.03,1413.64,14.62,21.61,552.76,2388.15,9070.82,1.3,47.74,520.76,2388.19,8141.99,8.4717,0.03,395,2388,100.0,38.6,23.1534
96,275,0.0003,0.0003,100.0,518.67,642.91,1595.86,1410.38,14.62,21.61,552.33,2388.12,9058.77,1.3,47.82,520.55,2388.12,8134.82,8.4634,0.03,393,2388,100.0,38.74,23.2818
96,276,-0.0013,0.0003,100.0,518.67,642.88,1603.35,1416.09,14.62,21.61,552.78,2388.2,9063.77,1.3,47.67,520.27,2388.14,8142.68,8.4777,0.03,394,2388,100.0,38.61,23.2954
96,277,-0.0013,0.0005,100.0,518.67,643.07,1592.24,1418.79,14.62,21.61,553.2,2388.18,9059.8,1.3,47.94,520.41,2388.17,8141.37,8.4899,0.03,395,2388,100.0,38.73,23.2931
96,278,-0.0015,-0.0002,100.0,518.67,642.97,1589.3,1414.27,14.62,21.61,552.7,2388.11,9063.55,1.3,47.7,520.95,2388.1,8139.96,8.4559,0.03,396,2388,100.0,38.61,23.2727
96,279,-0.0014,0.0002,100.0,518.67,642.86,1600.83,1416.58,14.62,21.61,553.41,2388.13,9064.81,1.3,47.73,520.43,2388.15,8135.43,8.4716,0.03,394,2388,100.0,38.74,23.1914
96,280,0.0005,0.0005,100.0,518.67,642.85,1593.45,1420.77,14.62,21.61,552.36,2388.16,9061.63,1.3,47.87,520.53,2388.21,8144.3,8.4744,0.03,394,2388,100.0,38.75,23.3031
96,281,0.0022,-0.0001,100.0,518.67,642.96,1589.04,1409.52,14.62,21.61,552.28,2388.15,9061.95,1.3,47.88,521.59,2388.12,8142.77,8.4537,0.03,394,2388,100.0,38.76,23.25
96,282,0.0034,0.0003,100.0,518.67,642.71,1593.79,1416.24,14.62,21.61,552.27,2388.09,9065.04,1.3,47.85,520.5,2388.12,8139.91,8.4415,0.03,395,2388,100.0,38.7,23.193
96,283,-0.0009,0.0,100.0,518.67,643.19,1593.18,1421.4,14.62,21.61,553.39,2388.11,9069.47,1.3,47.8,520.26,2388.23,8138.12,8.4922,0.03,394,2388,100.0,38.87,23.1892
96,284,-0.0024,0.0002,100.0,518.67,643.3,1602.23,1413.76,14.62,21.61,552.09,2388.12,9066.62,1.3,47.72,520.59,2388.11,8141.39,8.4749,0.03,395,2388,100.0,38.53,23.3001
96,285,-0.0038,0.0001,100.0,518.67,642.52,1593.16,1415.2,14.62,21.61,552.0,2388.2,9068.67,1.3,47.77,520.74,2388.16,8144.54,8.4857,0.03,394,2388,100.0,38.73,23.1449
96,286,0.0021,0.0002,100.0,518.67,642.84,1601.01,1416.19,14.62,21.61,552.56,2388.15,9067.6,1.3,47.91,520.16,2388.17,8140.08,8.502,0.03,395,2388,100.0,38.59,23.1976
96,287,0.0035,-0.0002,100.0,518.67,642.92,1599.22,1418.5,14.62,21.61,552.71,2388.18,9065.88,1.3,47.86,520.88,2388.12,8140.46,8.5066,0.03,396,2388,100.0,38.73,23.1783
96,288,0.0038,-0.0001,100.0,518.67,643.1,1598.31,1421.8,14.62,21.61,552.74,2388.12,9069.11,1.3,47.71,520.71,2388.16,8139.41,8.4958,0.03,396,2388,100.0,38.85,23.2128
96,289,0.0024,-0.0004,100.0,518.67,643.48,1589.88,1417.83,14.62,21.61,552.31,2388.24,9059.58,1.3,47.91,520.68,2388.21,8139.73,8.4471,0.03,395,2388,100.0,38.76,23.0072
96,290,-0.0003,-0.0001,100.0,518.67,643.32,1599.77,1421.42,14.62,21.61,553.32,2388.21,9063.24,1.3,47.93,520.51,2388.13,8135.35,8.4582,0.03,395,2388,100.0,38.6,23.273
96,291,0.0026,-0.0003,100.0,518.67,642.44,1599.32,1426.5,14.62,21.61,552.71,2388.18,9067.2,1.3,47.88,520.73,2388.19,8140.33,8.464,0.03,397,2388,100.0,38.55,23.2071
96,292,0.0025,-0.0004,100.0,518.67,643.22,1599.71,1417.07,14.62,21.61,552.6,2388.18,9067.72,1.3,47.86,520.47,2388.13,8141.6,8.4644,0.03,395,2388,100.0,38.67,23.1544
96,293,-0.0017,0.0001,100.0,518.67,643.57,1596.51,1421.48,14.62,21.61,551.64,2388.2,9064.5,1.3,47.74,520.77,2388.11,8134.85,8.466,0.03,394,2388,100.0,38.46,23.114
96,294,-0.002,0.0003,100.0,518.67,643.67,1601.09,1412.83,14.62,21.61,552.95,2388.14,9067.71,1.3,47.93,520.15,2388.22,8144.73,8.4812,0.03,394,2388,100.0,38.57,23.1354
96,295,-0.0021,-0.0004,100.0,518.67,643.64,1601.01,1417.53,14.62,21.61,552.74,2388.23,9066.39,1.3,47.81,520.44,2388.18,8143.83,8.4699,0.03,396,2388,100.0,38.46,23.2896
96,296,0.0007,0.0003,100.0,518.67,643.34,1599.4,1427.1,14.62,21.61,552.06,2388.15,9054.91,1.3,47.73,521.19,2388.19,8145.42,8.4935,0.03,392,2388,100.0,38.61,23.1054
96,297,-0.0021,0.0002,100.0,518.67,643.15,1594.18,1416.14,14.62,21.61,552.01,2388.18,9070.58,1.3,47.88,520.15,2388.23,8136.41,8.4663,0.03,396,2388,100.0,38.44,23.1551
96,298,0.0001,0.0,100.0,518.67,643.34,1602.08,1428.24,14.62,21.61,552.46,2388.17,9067.22,1.3,47.87,520.98,2388.15,8138.05,8.4852,0.03,396,2388,100.0,38.57,23.1607
96,299,-0.0004,-0.0001,100.0,518.67,642.91,1608.62,1418.54,14.62,21.61,552.12,2388.18,9061.81,1.3,47.93,520.65,2388.17,8138.86,8.4851,0.03,395,2388,100.0,38.64,23.2477
96,300,-0.0009,-0.0001,100.0,518.67,643.29,1601.55,1417.98,14.62,21.61,551.45,2388.2,9069.31,1.3,47.79,521.02,2388.18,8142.51,8.5295,0.03,395,2388,100.0,38.7,23.1168
96,301,-0.0025,-0.0004,100.0,518.67,643.82,1600.94,1428.54,14.62,21.61,552.32,2388.15,9071.12,1.3,47.85,520.84,2388.19,8144.59,8.5172,0.03,393,2388,100.0,38.61,23.1598
96,302,0.0008,0.0005,100.0,518.67,643.51,1595.33,1413.99,14.62,21.61,552.03,2388.21,9064.78,1.3,47.92,520.94,2388.17,8140.47,8.4821,0.03,396,2388,100.0,38.58,23.1788
96,303,-0.0045,0.0002,100.0,518.67,643.43,1601.56,1419.64,14.62,21.61,552.52,2388.21,9064.74,1.3,48.03,520.16,2388.24,8139.25,8.4888,0.03,396,2388,100.0,38.58,23.1447
96,304,0.0018,-0.0001,100.0,518.67,643.5,1600.37,1423.31,14.62,21.61,551.83,2388.22,9068.54,1.3,48.13,520.45,2388.19,8146.04,8.5028,0.03,394,2388,100.0,38.5,23.2297
96,305,-0.0013,-0.0001,100.0,518.67,643.21,1591.05,1425.69,14.62,21.61,552.46,2388.15,9059.71,1.3,47.91,520.05,2388.21,8140.97,8.5092,0.03,393,2388,100.0,38.73,23.1561
96,306,-0.0012,-0.0003,100.0,518.67,643.73,1596.28,1418.72,14.62,21.61,552.27,2388.18,9068.24,1.3,47.95,520.48,2388.14,8138.32,8.4708,0.03,394,2388,100.0,38.7,23.2241
96,307,0.0034,-0.0003,100.0,518.67,643.14,1590.44,1420.58,14.62,21.61,551.68,2388.18,9064.16,1.3,47.87,519.82,2388.15,8138.09,8.5084,0.03,394,2388,100.0,38.6,23.2222
96,308,0.0,0.0002,100.0,518.67,643.26,1601.04,1425.46,14.62,21.61,552.35,2388.22,9071.81,1.3,48.0,520.77,2388.19,8145.81,8.4763,0.03,394,2388,100.0,38.5,23.137
96,309,-0.0012,0.0003,100.0,518.67,643.23,1595.06,1423.02,14.62,21.61,552.02,2388.25,9068.47,1.3,48.0,520.91,2388.19,8140.36,8.5269,0.03,396,2388,100.0,38.48,23.1215
96,310,-0.0018,0.0004,100.0,518.67,642.97,1592.28,1417.02,14.62,21.61,551.78,2388.15,9075.63,1.3,48.11,520.13,2388.24,8135.02,8.496,0.03,398,2388,100.0,38.6,23.1111
96,311,0.0028,-0.0002,100.0,518.67,643.07,1597.94,1420.88,14.62,21.61,552.34,2388.19,9063.69,1.3,48.03,520.72,2388.22,8143.33,8.4897,0.03,395,2388,100.0,38.47,23.1538
96,312,0.0018,0.0005,100.0,518.67,643.57,1596.22,1421.81,14.62,21.61,551.16,2388.22,9073.59,1.3,47.99,520.35,2388.19,8135.27,8.4472,0.03,396,2388,100.0,38.41,23.1584
96,313,-0.0024,0.0001,100.0,518.67,643.67,1599.44,1417.06,14.62,21.61,551.91,2388.19,9065.93,1.3,47.92,520.28,2388.22,8144.75,8.5067,0.03,395,2388,100.0,38.62,23.1101
96,314,0.003,0.0001,100.0,518.67,643.66,1599.37,1425.25,14.62,21.61,552.15,2388.19,9063.24,1.3,48.1,519.59,2388.22,8141.07,8.4917,0.03,397,2388,100.0,38.41,23.1374
96,315,0.0008,0.0001,100.0,518.67,643.89,1596.52,1419.81,14.62,21.61,551.27,2388.26,9061.37,1.3,47.88,519.82,2388.14,8142.63,8.5116,0.03,394,2388,100.0,38.53,23.1329
96,316,-0.0002,-0.0,100.0,518.67,643.32,1594.62,1416.36,14.62,21.61,552.22,2388.21,9068.3,1.3,48.07,520.61,2388.2,8141.09,8.4946,0.03,396,2388,100.0,38.57,23.0648
96,317,-0.0008,0.0001,100.0,518.67,643.43,1602.6,1423.25,14.62,21.61,551.61,2388.2,9076.05,1.3,48.07,519.81,2388.19,8139.6,8.508,0.03,396,2388,100.0,38.42,23.1558
96,318,0.0006,0.0003,100.0,518.67,643.01,1599.14,1416.3,14.62,21.61,551.87,2388.16,9069.61,1.3,48.02,520.02,2388.23,8143.24,8.4865,0.03,397,2388,100.0,38.57,23.1202
96,319,0.0001,-0.0002,100.0,518.67,643.34,1592.75,1423.84,14.62,21.61,552.01,2388.2,9069.04,1.3,47.88,520.05,2388.18,8140.3,8.475,0.03,397,2388,100.0,38.45,23.0792
96,320,0.0008,-0.0003,100.0,518.67,643.24,1594.58,1428.81,14.62,21.61,551.54,2388.26,9067.99,1.3,47.99,520.19,2388.25,8141.4,8.5188,0.03,396,2388,100.0,38.55,23.0632
96,321,-0.0022,-0.0002,100.0,518.67,643.48,1591.28,1424.22,14.62,21.61,552.05,2388.19,9073.42,1.3,47.98,520.73,2388.23,8143.73,8.4949,0.03,395,2388,100.0,38.5,23.0989
96,322,-0.0012,0.0,100.0,518.67,643.84,1592.24,1420.86,14.62,21.61,551.95,2388.22,9064.5,1.3,48.11,520.27,2388.23,8144.46,8.5024,0.03,396,2388,100.0,38.41,23.1199
96,323,-0.0034,0.0002,100.0,518.67,643.13,1598.09,1428.51,14.62,21.61,551.75,2388.15,9070.76,1.3,48.21,520.26,2388.24,8141.69,8.4715,0.03,396,2388,100.0,38.37,23.1919
96,324,0.0003,-0.0,100.0,518.67,643.85,1603.01,1428.1,14.62,21.61,551.92,2388.27,9069.3,1.3,48.05,520.3,2388.21,8144.13,8.4761,0.03,395,2388,100.0,38.47,23.0053
96,325,-0.0019,0.0005,100.0,518.67,643.57,1602.58,1429.81,14.62,21.61,551.29,2388.25,9069.77,1.3,48.16,519.72,2388.22,8143.15,8.5615,0.03,396,2388,100.0,38.55,22.8942
96,326,0.001,0.0001,100.0,518.67,643.72,1591.42,1425.74,14.62,21.61,551.35,2388.22,9064.41,1.3,48.05,519.97,2388.23,8145.9,8.5195,0.03,395,2388,100.0,38.39,23.1027
96,327,0.0019,-0.0,100.0,518.67,643.69,1604.73,1430.58,14.62,21.61,551.5,2388.24,9064.7,1.3,47.99,520.09,2388.22,8141.0,8.5208,0.03,395,2388,100.0,38.4,23.0722
96,328,-0.0001,0.0005,100.0,518.67,643.62,1598.42,1430.42,14.62,21.61,550.82,2388.22,9069.87,1.3,48.03,519.14,2388.28,8136.92,8.5124,0.03,397,2388,100.0,38.38,23.1484
96,329,0.0025,0.0002,100.0,518.67,643.43,1599.78,1426.81,14.62,21.61,551.5,2388.26,9068.69,1.3,48.26,519.88,2388.22,8142.85,8.5264,0.03,397,2388,100.0,38.42,23.072
96,330,0.0028,-0.0002,100.0,518.67,644.0,1602.21,1432.39,14.62,21.61,551.43,2388.23,9075.54,1.3,48.14,519.99,2388.23,8144.98,8.5336,0.03,395,2388,100.0,38.5,23.0216
96,331,-0.001,0.0002,100.0,518.67,643.88,1601.34,1431.16,14.62,21.61,551.52,2388.25,9071.86,1.3,48.02,520.23,2388.27,8143.42,8.5055,0.03,395,2388,100.0,38.27,23.0869
96,332,-0.0034,0.0005,100.0,518.67,643.45,1603.59,1432.65,14.62,21.61,551.38,2388.25,9075.89,1.3,48.13,519.47,2388.25,8142.08,8.5109,0.03,395,2388,100.0,38.53,23.0965
96,333,0.0015,0.0004,100.0,518.67,644.2,1603.88,1426.93,14.62,21.61,551.45,2388.21,9073.41,1.3,48.08,519.49,2388.2,8140.98,8.5158,0.03,396,2388,100.0,38.3,23.0309
96,334,-0.0028,-0.0002,100.0,518.67,643.62,1599.47,1431.08,14.62,21.61,551.14,2388.22,9077.86,1.3,48.22,519.48,2388.27,8145.65,8.5165,0.03,395,2388,100.0,38.63,23.1059
96,335,0.0001,0.0005,100.0,518.67,644.13,1595.57,1430.52,14.62,21.61,551.64,2388.24,9075.38,1.3,48.1,519.61,2388.25,8143.74,8.5615,0.03,396,2388,100.0,38.51,23.0118
96,336,-0.0031,-0.0005,100.0,518.67,643.74,1599.2,1432.12,14.62,21.61,550.78,2388.28,9075.64,1.3,48.17,519.18,2388.24,8144.03,8.5022,0.03,397,2388,100.0,38.36,23.0258
